OTU ID	N21	N22	N23	M21	M22	M23	N51	N52	N53	M51	M52	M53	N1	N2	N3	M1	M2	M3	C1	C2	C3
ASV1	10008	7494	13695	9862	9219	11198	12724	10714	9345	8970	12349	8240	8635	9647	10485	12662	12817	14401	6422	10430	11907
ASV2	7172	7701	9346	10294	5621	7049	10978	9252	9221	3969	11334	5832	8246	8626	10633	9562	8638	6168	5578	7714	7947
ASV3	4719	5523	2487	2978	4786	3939	1911	2205	2758	4328	2292	5501	3664	3344	3466	1167	3271	3740	4438	2926	4664
ASV4	712	755	200	547	214	333	376	0	517	196	1020	614	162	474	783	766	462	401	4130	342	280
ASV5	1416	1717	1960	2726	2671	2461	2015	1782	1690	2395	269	2084	2130	1632	1751	1817	1580	1774	3943	1693	2196
ASV6	3320	4168	4549	6750	3695	4160	5618	5756	5092	3292	4832	5841	4740	6048	4447	6154	5000	4178	3814	4796	3886
ASV7	2401	2497	1784	3105	1535	1787	1051	2378	1927	1558	2335	3608	2552	2041	2419	1148	2297	2981	3060	1911	2788
ASV8	1669	1242	1329	972	1011	1461	1057	1044	1022	1063	1475	815	1299	1250	1454	444	895	709	2912	1330	997
ASV9	840	477	861	668	333	346	7	180	1096	468	400	535	660	378	564	0	614	613	2460	314	365
ASV10	2239	2391	2781	3270	3132	2743	3209	3372	4462	2532	2724	3052	3303	3466	3662	4032	2574	2737	2310	3348	3542
ASV11	1290	2439	1221	1083	2124	1982	1266	1821	1797	2118	2258	2360	1365	1537	1498	2376	1491	1818	2300	2027	2006
ASV12	3900	3272	3074	2938	3798	3565	3772	3473	3455	4995	2700	2656	3359	3439	3645	2180	2552	2570	2295	3558	2994
ASV13	101	0	268	0	281	471	0	0	176	123	0	260	322	0	239	0	455	57	2245	358	482
ASV15	1246	1512	1378	1005	1069	1142	1632	808	1368	1187	803	968	894	1133	1398	983	1459	1705	1960	845	1064
ASV16	4170	3523	4054	3412	5257	5234	4046	3998	3256	5118	5227	3494	3335	2938	2886	4132	3994	4918	1952	4793	4288
ASV17	442	0	553	336	303	161	331	177	267	396	478	553	404	279	351	0	173	558	1945	548	186
ASV18	909	828	474	1062	904	1573	153	1334	867	1712	210	1629	1335	841	859	385	826	1268	1845	574	1592
ASV19	0	1	0	0	0	0	0	0	0	138	0	0	0	0	187	0	0	0	1844	0	1
ASV20	1167	1454	1694	1578	1158	1307	2526	1847	1818	1344	1976	1757	1693	1783	1577	1544	2075	1041	1818	1609	1256
ASV21	997	1004	756	526	935	831	1303	939	430	710	822	768	661	640	773	834	1098	721	1810	958	841
ASV22	204	316	282	219	385	339	593	293	208	573	0	69	796	736	560	97	222	342	1795	207	368
ASV24	148	253	166	146	124	217	157	120	429	243	0	222	159	57	0	83	100	450	1655	37	180
ASV25	0	0	0	0	0	0	0	0	0	50	0	0	64	0	0	0	0	0	1497	0	0
ASV26	32	216	94	50	31	0	0	63	105	68	118	69	119	14	66	0	0	100	1476	99	67
ASV27	1452	1564	337	207	1223	939	1021	418	549	1248	823	1447	1086	655	801	1353	722	875	1399	1162	1434
ASV28	525	681	658	1082	567	804	763	1076	655	578	224	737	1205	1049	1142	902	969	885	1341	656	733
ASV29	26	0	1	0	39	110	0	220	421	208	0	74	37	71	27	0	144	205	1329	39	43
ASV30	0	0	0	0	224	0	0	0	0	0	5	550	306	0	0	0	225	0	1239	274	0
ASV31	0	0	0	146	0	0	0	0	0	86	0	0	0	0	0	0	0	0	1143	0	55
ASV32	0	0	0	0	67	47	0	0	68	130	0	0	32	0	11	0	17	0	1076	61	3
ASV33	426	581	482	524	518	385	900	649	759	427	261	829	472	507	535	690	346	607	1063	501	521
ASV34	926	1297	1041	1166	804	835	1207	1116	1122	553	281	1073	1338	1465	1229	770	693	730	1047	1085	923
ASV35	0	254	0	192	0	0	80	0	0	0	0	0	0	376	100	127	0	44	1030	0	106
ASV36	0	0	0	0	0	1	0	0	0	0	0	0	0	0	0	0	0	1	969	1	1
ASV37	0	0	0	442	56	0	0	0	71	0	0	0	0	0	0	439	0	74	944	0	0
ASV38	488	1671	574	576	652	565	1228	702	1397	688	890	501	476	849	933	1097	915	921	898	1057	766
ASV39	184	0	58	0	232	216	169	114	0	188	103	0	224	0	336	0	403	138	885	257	95
ASV40	1083	879	691	1200	952	1029	257	1310	633	1224	318	1409	1314	614	832	364	1526	655	872	1293	1109
ASV41	70	29	25	50	118	139	102	31	87	24	427	103	149	0	84	102	25	0	867	35	116
ASV42	37	295	185	208	60	39	5	235	374	98	158	21	83	36	16	0	82	131	848	114	71
ASV43	0	0	85	0	0	78	0	0	0	84	0	0	0	0	128	0	0	172	835	99	0
ASV44	283	364	449	364	357	222	414	751	427	305	59	266	494	262	508	1802	302	169	824	328	362
ASV45	68	0	0	0	203	22	593	387	112	111	0	0	85	93	0	0	0	33	773	115	232
ASV46	0	380	260	0	0	217	0	243	235	164	336	293	231	315	242	338	218	0	736	154	0
ASV47	6	0	40	79	19	82	270	43	162	77	0	104	48	10	126	395	7	21	712	9	75
ASV48	466	289	414	387	668	675	258	920	391	1016	1088	489	726	848	472	478	545	672	681	581	661
ASV49	0	0	0	0	62	25	7	36	39	25	41	85	186	0	66	0	100	0	675	20	73
ASV50	0	0	0	0	0	0	0	0	0	0	0	0	0	0	0	0	0	0	669	0	0
ASV51	552	1105	783	464	584	575	581	459	481	960	0	847	622	632	564	0	0	1009	568	513	627
ASV52	809	1044	883	868	950	889	939	1083	1194	615	768	995	1352	1204	758	657	817	1110	564	1099	1035
ASV53	227	53	0	0	95	100	0	59	79	103	0	0	0	0	0	0	0	0	545	124	0
ASV54	335	628	909	613	495	591	502	375	664	462	0	410	759	614	800	0	756	576	543	715	685
ASV55	0	0	0	158	0	0	0	0	0	0	0	0	0	0	0	0	0	0	531	0	0
ASV56	57	0	81	0	0	0	46	0	0	0	113	120	0	191	0	0	76	0	503	0	0
ASV57	53	0	129	0	0	20	0	0	0	30	0	0	0	17	0	0	0	0	491	0	0
ASV60	30	0	187	201	110	88	249	85	136	60	0	0	252	0	125	272	0	46	410	166	106
ASV61	323	266	284	313	279	249	301	369	488	241	64	245	287	348	301	66	305	226	404	363	250
ASV62	261	0	223	234	0	257	76	0	0	109	203	119	132	82	68	0	0	0	397	137	103
ASV63	0	0	0	0	0	0	0	0	0	0	0	0	0	0	0	0	0	0	391	0	0
ASV64	373	233	401	303	248	314	108	236	416	215	329	401	333	531	305	0	272	110	371	176	281
ASV65	0	0	0	0	0	0	0	0	0	0	0	0	0	0	0	0	0	0	369	0	0
ASV66	0	57	14	170	51	59	115	61	0	62	122	94	14	0	45	0	0	0	365	165	89
ASV68	86	41	142	0	0	73	0	50	0	37	0	0	91	0	0	33	54	0	335	0	0
ASV69	0	102	71	0	54	44	0	42	114	43	99	94	112	0	0	0	0	0	332	0	61
ASV70	296	249	366	203	280	324	287	306	239	318	223	379	315	351	287	218	229	271	326	341	269
ASV71	0	0	0	0	0	10	0	0	0	25	0	44	0	56	0	0	0	0	304	0	74
ASV73	0	0	26	34	0	35	0	0	0	0	0	57	0	0	0	0	0	0	292	0	0
ASV74	779	421	456	386	676	660	478	403	473	824	538	461	281	309	326	413	493	854	267	817	574
ASV76	130	333	209	0	132	185	99	152	179	145	0	322	160	112	141	0	241	88	258	384	144
ASV77	115	100	30	0	86	65	61	21	86	71	151	115	0	72	79	104	45	80	254	0	99
ASV78	0	161	136	237	0	0	0	59	79	59	84	0	70	87	108	0	201	80	253	168	54
ASV79	316	242	215	360	467	345	265	315	378	320	745	466	471	514	469	1200	198	283	242	351	303
ASV80	0	0	0	0	0	0	0	0	0	0	0	0	0	0	0	0	0	0	235	0	0
ASV81	1	0	0	0	0	0	0	0	0	0	0	0	0	0	0	0	0	0	225	0	0
ASV82	0	55	17	0	45	0	48	43	0	0	0	17	26	62	0	28	0	0	222	55	30
ASV83	773	503	184	192	478	340	0	141	252	0	0	346	304	262	213	348	0	0	216	479	285
ASV84	427	109	637	137	336	485	500	417	378	612	660	766	435	356	331	153	552	339	196	218	346
ASV86	0	0	0	0	0	0	0	0	0	0	0	0	0	0	0	0	0	0	178	0	0
ASV87	584	471	264	370	593	506	542	543	436	575	692	572	265	277	439	301	390	508	178	665	415
ASV88	239	358	359	445	268	352	503	503	367	192	701	289	384	428	467	299	423	272	161	319	290
ASV91	37	0	0	21	22	0	0	0	0	0	0	24	0	18	0	0	0	0	148	3	5
ASV92	0	0	0	0	0	0	0	0	0	0	0	0	0	0	0	0	0	0	140	0	0
ASV93	0	0	0	0	0	0	0	0	0	0	0	0	0	0	0	0	0	0	139	0	0
ASV94	0	0	0	0	0	0	0	0	0	0	0	0	0	0	0	0	0	0	138	0	0
ASV95	83	72	106	87	103	123	189	114	151	216	254	112	192	159	115	105	107	175	137	172	264
ASV96	0	0	0	0	0	0	0	0	0	0	0	0	0	0	0	0	0	0	131	0	0
ASV98	293	269	225	250	327	208	308	380	387	265	276	354	295	318	187	255	355	300	128	388	341
ASV99	72	0	0	0	55	54	193	172	783	71	211	0	118	69	143	0	0	0	128	227	0
ASV100	0	0	0	0	0	0	0	0	0	0	0	0	0	0	0	0	0	0	126	0	0
ASV101	24	22	7	58	59	19	65	78	44	35	72	34	39	16	53	125	70	0	125	50	0
ASV102	0	0	0	0	0	64	0	0	0	0	0	0	0	0	0	0	0	0	122	0	0
ASV103	103	154	0	97	49	201	96	0	137	227	298	149	93	0	72	0	0	63	120	41	184
ASV105	0	0	0	0	0	0	0	0	0	0	0	0	0	0	0	0	0	0	112	0	0
ASV106	0	0	0	0	0	0	0	0	0	0	0	0	0	0	0	0	0	0	92	0	0
ASV107	0	0	0	0	0	0	0	0	0	0	0	0	0	0	0	0	0	0	91	0	0
ASV108	47	118	82	65	141	112	63	126	0	205	24	88	131	172	72	0	128	99	88	66	84
ASV109	76	45	52	71	103	44	19	40	34	91	79	23	37	31	71	145	0	55	87	42	56
ASV111	0	0	0	0	7	0	0	0	0	0	0	13	7	0	0	0	0	0	79	0	0
ASV112	0	0	0	0	0	0	0	0	0	0	0	0	0	0	0	0	0	0	78	0	0
ASV115	250	92	0	220	127	101	267	216	163	0	147	0	170	0	184	53	147	179	73	99	184
ASV116	0	0	0	0	0	0	0	0	0	0	0	0	0	0	0	0	0	0	73	0	0
ASV117	0	0	0	0	0	0	25	0	0	0	0	0	0	0	34	0	0	0	68	0	0
ASV119	0	0	0	0	0	27	0	0	0	14	98	10	0	0	0	0	0	0	67	0	11
ASV120	245	132	127	132	185	160	142	94	94	260	140	125	78	91	209	133	120	161	64	178	124
ASV121	0	0	0	0	0	0	0	0	0	0	0	0	0	0	0	0	0	0	63	0	0
ASV122	58	23	11	14	41	30	0	0	0	21	0	0	13	0	0	0	37	0	54	72	22
ASV125	0	0	0	0	0	0	0	0	0	0	0	0	0	0	0	0	0	0	46	0	0
ASV126	0	0	0	0	0	0	0	0	0	0	0	0	0	0	0	0	0	0	45	0	0
ASV129	79	37	93	100	53	65	47	151	74	155	287	32	132	21	90	0	63	25	39	148	31
ASV133	0	0	0	0	0	0	0	0	0	0	0	0	0	0	0	0	0	0	37	0	0
ASV134	0	9	2	11	0	0	0	6	2	0	7	0	0	7	0	8	18	0	37	16	9
ASV137	238	99	86	0	172	173	115	112	51	148	68	74	74	99	134	83	0	206	31	173	126
ASV140	0	0	0	0	0	0	0	0	0	0	0	0	0	0	0	0	0	0	28	0	0
ASV141	0	0	0	0	0	0	0	0	0	0	10	0	0	0	0	0	0	0	26	0	0
ASV143	532	274	171	6	404	172	11	91	132	446	0	97	348	197	316	0	203	0	24	147	214
ASV144	0	0	0	0	0	0	0	0	0	0	0	0	0	0	0	0	0	0	24	0	0
ASV157	0	0	0	0	14	0	0	0	0	0	0	0	0	0	0	0	0	0	14	0	0
ASV159	0	0	16	0	0	0	0	8	0	0	0	0	0	0	0	0	0	0	13	0	0
ASV168	0	0	0	4	0	0	0	0	0	0	2	0	0	0	1	1	0	0	11	0	0
ASV172	5	1	3	10	6	0	45	10	47	0	0	8	15	15	28	0	0	0	10	22	12
ASV178	16	28	8	3	25	13	4	8	3	0	11	0	4	4	4	0	14	0	10	14	13
ASV189	677	297	183	358	619	438	250	381	241	396	229	367	255	134	167	548	347	514	8	549	220
ASV190	0	3	0	1	0	5	0	0	0	0	4	0	0	3	0	0	4	0	8	0	0
ASV219	3	0	0	0	0	0	0	0	0	0	0	0	0	0	0	0	0	0	6	0	4
ASV237	438	302	0	0	211	83	10	0	88	141	0	148	132	0	70	0	292	133	6	0	0
ASV256	12	0	0	0	6	0	0	0	87	0	0	0	0	0	0	0	2	0	5	0	0
ASV264	0	0	0	0	18	11	43	51	0	31	0	0	5	0	81	209	0	0	4	15	25
ASV278	134	0	0	204	0	40	0	0	0	86	366	0	0	70	55	0	141	0	4	0	0
ASV287	17	8	20	11	9	20	1	5	0	15	0	19	7	5	17	5	18	0	4	7	4
ASV307	0	0	8	0	0	3	13	4	27	8	16	0	8	3	5	0	0	0	3	9	4
ASV308	0	0	3	0	178	95	9	31	0	42	0	0	0	0	327	0	0	0	3	0	0
ASV345	40	13	38	17	16	19	57	38	54	10	7	24	18	69	57	8	12	20	3	34	11
ASV353	34	3	0	0	98	59	0	60	113	40	0	2	77	210	81	11	111	83	3	9	43
ASV366	298	281	402	0	55	130	201	220	47	245	583	0	57	0	139	0	195	0	3	0	48
ASV367	15	74	0	0	43	0	0	75	14	171	0	0	94	127	51	3	51	1	3	55	31
ASV376	123	11	95	55	95	97	0	67	27	42	96	0	24	4	52	0	0	2	2	170	15
ASV377	0	0	0	0	0	16	0	1	0	85	0	0	0	0	0	0	1	1	2	0	48
ASV378	1	0	0	1	0	0	0	0	0	0	0	0	0	0	0	0	0	0	2	0	30
ASV409	24	177	110	222	91	116	0	2	50	35	164	107	72	32	169	0	160	0	2	132	63
ASV427	212	62	0	141	524	304	77	158	130	131	222	69	320	61	225	326	267	207	2	303	170
ASV455	0	0	0	0	0	0	0	64	0	0	0	0	33	0	0	0	0	0	2	0	0
ASV458	0	0	0	3	0	4	0	3	0	0	0	1	0	1	0	0	0	0	2	0	3
ASV468	130	159	0	0	0	80	0	0	0	60	0	154	0	0	0	0	0	30	1	0	2
ASV469	126	21	0	74	77	78	0	0	82	136	0	0	0	0	107	217	39	0	1	99	0
ASV489	219	171	145	7	453	126	20	405	120	668	6	156	228	512	180	0	448	65	1	264	340
ASV503	0	0	0	0	0	10	0	0	0	0	0	0	0	0	0	0	0	0	1	0	0
ASV507	0	0	0	23	0	0	0	0	1	0	0	0	81	0	0	0	0	0	1	0	0
ASV509	0	81	0	0	0	0	0	0	0	0	0	0	0	48	0	0	0	0	1	0	149
ASV511	0	0	3	0	0	0	0	0	0	0	0	0	0	0	6	0	0	0	1	0	20
ASV568	0	10	28	0	0	16	0	0	2	0	0	6	5	0	5	0	0	0	1	0	0
ASV609	0	5	0	0	0	6	3	3	6	0	0	4	2	0	0	0	0	0	1	3	0
ASV626	0	0	0	0	0	0	0	0	0	0	0	0	5	0	3	0	0	0	1	6	2
ASV630	22	44	40	58	40	48	116	60	41	26	0	43	32	1	33	26	17	7	1	91	61
ASV631	0	0	0	0	20	0	0	0	0	0	0	0	0	0	0	0	0	45	1	0	0
ASV632	0	1	0	0	0	5	0	0	0	0	2	0	6	29	0	0	0	0	1	0	0
ASV635	8	0	6	3	8	5	0	8	0	16	0	0	3	3	6	2	6	0	1	0	4
ASV637	0	0	0	0	0	0	0	0	0	0	0	0	0	124	0	0	0	0	1	0	0
ASV638	91	0	0	0	91	0	0	0	34	37	0	0	64	0	0	0	70	1	1	0	22
ASV639	0	0	92	0	97	34	0	0	17	92	0	0	142	0	24	1	0	0	1	0	3
ASV645	0	0	0	0	0	0	0	0	0	48	0	0	0	0	2	0	0	0	1	0	0
ASV694	0	0	0	0	0	0	0	0	0	68	0	0	0	0	0	0	0	0	1	0	0
ASV696	0	0	0	0	0	1	0	0	0	35	0	0	0	0	0	0	0	0	1	2	0
ASV701	0	0	0	0	0	0	0	0	0	0	0	61	0	0	0	0	0	0	1	0	0
ASV711	670	407	1050	1141	617	692	1005	636	1099	582	685	955	756	803	712	495	820	805	0	1160	803
ASV712	893	1352	716	570	847	857	966	489	1269	684	1187	941	967	577	826	382	701	588	0	1044	465
ASV713	815	310	470	837	638	503	681	545	430	542	814	786	505	441	610	178	613	508	0	595	505
ASV714	528	448	238	349	755	560	176	546	308	295	0	314	333	302	451	800	416	332	0	510	726
ASV715	647	0	0	822	598	490	0	532	413	869	0	516	555	518	425	0	451	0	0	536	495
ASV716	532	379	283	174	646	581	362	420	336	598	424	569	389	361	322	293	379	595	0	488	506
ASV717	338	324	235	432	454	485	319	384	280	417	266	367	376	575	630	242	334	421	0	505	472
ASV718	659	1347	1124	0	467	664	0	900	435	745	915	454	250	588	643	850	845	499	0	445	611
ASV719	0	614	574	467	629	396	0	544	143	216	500	400	215	292	408	0	204	773	0	422	619
ASV720	412	736	605	958	396	542	147	984	251	537	356	617	662	496	314	315	735	587	0	405	595
ASV721	468	919	455	361	870	482	379	303	233	547	430	425	232	652	338	359	1089	928	0	400	669
ASV722	0	0	490	0	155	54	0	0	276	0	0	0	140	0	0	0	0	0	0	425	72
ASV723	570	0	368	0	520	443	386	295	342	369	715	500	435	272	262	1155	633	710	0	393	485
ASV724	112	355	221	23	168	388	228	319	131	185	0	133	326	26	377	119	0	406	0	340	203
ASV725	801	280	437	0	483	1168	1181	122	645	355	0	0	1178	990	315	183	221	5	0	334	215
ASV726	0	0	0	0	200	128	0	200	335	205	0	0	119	0	255	0	0	345	0	352	129
ASV727	92	161	360	165	223	317	173	140	149	404	353	98	161	135	176	189	115	419	0	345	349
ASV728	0	0	0	0	131	990	836	0	0	43	228	129	0	0	0	0	0	0	0	352	60
ASV729	445	276	370	422	232	207	0	235	350	371	0	111	297	300	226	316	108	143	0	332	298
ASV730	35	225	238	326	0	179	0	0	85	202	0	245	323	99	79	0	128	0	0	358	135
ASV731	134	105	258	304	353	301	113	428	339	483	236	510	358	289	409	514	827	386	0	334	265
ASV732	129	441	271	266	182	74	952	390	140	85	240	203	338	552	289	0	0	226	0	334	226
ASV733	13	183	0	0	0	50	0	0	0	76	0	0	91	325	0	0	0	3	0	307	0
ASV734	340	250	0	0	0	0	272	0	218	0	0	0	0	423	0	0	569	0	0	297	0
ASV735	118	331	79	380	90	69	588	51	0	233	0	132	174	136	142	0	196	54	0	287	238
ASV736	0	211	0	0	212	224	0	190	114	71	639	166	63	0	135	0	224	200	0	272	215
ASV737	452	75	0	231	359	107	0	105	72	413	0	2	698	284	166	153	0	0	0	252	351
ASV738	377	329	406	263	650	369	375	276	229	498	508	301	199	148	307	319	391	517	0	271	366
ASV739	300	0	0	526	0	0	365	0	0	0	0	0	62	553	0	0	0	0	0	244	0
ASV740	0	0	0	0	240	0	0	0	0	0	0	0	0	0	0	877	272	132	0	241	122
ASV741	0	151	150	0	118	149	0	0	104	49	219	117	115	414	85	1029	0	73	0	245	165
ASV742	308	323	250	221	357	314	0	111	485	142	509	355	324	753	470	297	389	284	0	246	93
ASV743	0	0	0	0	106	0	0	0	115	196	0	311	0	0	52	0	0	0	0	234	93
ASV744	301	381	0	0	216	248	0	55	170	284	0	187	155	70	215	200	130	0	0	240	59
ASV745	468	126	481	307	398	146	350	335	228	489	484	218	207	231	79	438	507	465	0	222	324
ASV746	136	69	134	0	101	99	0	0	31	30	0	91	43	137	113	140	0	0	0	210	131
ASV747	118	0	0	92	25	206	360	192	194	572	0	107	98	0	87	0	0	695	0	225	279
ASV748	0	368	183	42	256	0	221	0	178	82	0	108	0	0	329	390	290	0	0	214	0
ASV749	380	0	0	0	301	0	900	0	310	303	594	74	0	606	107	0	0	79	0	225	347
ASV750	60	0	0	0	0	0	0	171	0	0	0	123	93	119	126	0	0	0	0	224	0
ASV751	381	271	42	100	70	142	29	0	90	321	722	267	110	97	130	397	0	144	0	209	324
ASV752	22	281	200	237	140	315	44	154	57	169	211	182	140	293	124	204	266	129	0	205	93
ASV753	141	0	196	0	126	116	0	182	198	109	275	110	195	0	0	0	90	0	0	204	0
ASV754	183	110	0	146	47	0	0	0	0	45	618	183	0	421	185	0	0	0	0	184	92
ASV755	150	0	242	0	72	122	62	90	11	67	0	140	49	34	122	0	0	265	0	199	45
ASV756	235	183	169	117	190	236	153	152	235	229	245	233	152	172	200	176	171	205	0	198	193
ASV757	97	216	0	306	108	40	113	82	190	141	0	224	175	262	63	0	229	40	0	188	187
ASV758	0	0	112	0	124	68	353	56	62	34	0	78	150	0	196	0	0	0	0	194	142
ASV759	61	0	0	0	0	0	19	0	145	398	0	123	0	0	124	0	114	0	0	173	0
ASV760	116	112	0	134	118	142	0	257	184	93	0	339	0	200	162	0	233	108	0	170	83
ASV761	127	480	174	200	508	106	98	186	233	363	116	186	129	128	67	492	164	229	0	170	137
ASV762	47	236	0	696	0	319	128	107	0	292	0	189	0	126	186	163	293	301	0	176	144
ASV763	34	0	0	40	47	56	116	70	0	69	0	0	0	0	0	0	230	0	0	176	0
ASV764	0	0	0	0	0	0	0	0	0	0	0	0	0	0	0	0	0	0	0	150	0
ASV765	177	209	0	0	120	36	35	39	31	55	244	0	29	33	0	182	41	34	0	160	63
ASV766	0	129	0	0	39	35	8	39	0	74	0	119	36	0	55	0	175	0	0	152	48
ASV767	321	104	205	751	417	461	0	466	138	103	215	374	603	0	290	670	450	309	0	159	261
ASV768	90	0	0	183	140	156	0	133	159	36	0	82	94	144	107	0	141	19	0	140	51
ASV769	109	213	8	63	196	89	0	136	109	112	129	94	63	40	10	0	0	142	0	140	24
ASV770	0	203	232	589	88	0	0	0	48	0	361	0	30	0	0	0	0	0	0	146	0
ASV771	0	0	0	0	0	0	0	0	0	0	0	0	0	0	45	0	0	0	0	143	0
ASV772	0	0	0	0	122	25	0	0	0	0	0	0	72	49	0	546	0	49	0	132	97
ASV773	0	0	340	0	259	109	0	96	0	143	0	51	138	268	143	0	139	240	0	130	0
ASV774	157	624	511	0	203	129	0	238	346	24	215	193	252	143	208	579	110	200	0	116	81
ASV775	72	0	0	0	0	0	0	0	0	0	0	0	96	0	0	0	0	0	0	124	26
ASV776	96	0	86	0	234	144	127	0	0	0	0	147	164	79	68	156	0	84	0	136	153
ASV777	0	121	0	125	9	65	0	0	43	141	320	0	0	92	0	0	129	96	0	129	41
ASV778	0	0	0	0	35	46	0	0	93	0	0	20	0	0	57	0	193	37	0	130	43
ASV779	103	0	36	0	0	0	66	32	79	95	0	0	0	72	0	0	0	159	0	127	168
ASV780	0	0	0	99	0	0	0	144	108	98	0	113	86	76	158	0	145	0	0	125	86
ASV781	0	0	0	0	0	2	0	0	0	0	0	0	0	0	0	0	0	0	0	125	0
ASV782	0	0	0	0	0	0	0	0	0	0	0	0	0	0	0	0	0	0	0	108	0
ASV783	110	198	314	0	87	219	96	440	0	0	186	0	195	40	0	0	237	453	0	127	320
ASV784	1	2	0	0	0	0	0	0	0	0	0	0	0	0	0	0	0	0	0	122	0
ASV785	44	0	258	0	107	137	187	306	124	134	272	322	159	182	105	230	0	154	0	121	68
ASV786	0	0	0	286	123	0	168	210	63	105	366	54	106	274	59	0	0	0	0	109	5
ASV787	0	0	65	132	33	103	0	0	47	0	0	70	78	0	3	0	0	0	0	125	73
ASV788	0	0	232	0	38	0	0	0	67	46	0	0	0	172	0	0	0	0	0	104	61
ASV789	142	104	202	0	122	212	64	1	160	53	26	120	145	119	173	0	140	71	0	118	123
ASV790	258	0	325	0	126	85	0	0	27	0	0	0	185	0	108	0	47	0	0	118	28
ASV791	15	0	0	0	41	0	1	73	44	25	0	0	0	0	0	451	0	130	0	109	78
ASV792	91	0	56	51	71	91	60	79	0	94	0	0	44	0	0	87	95	94	0	104	88
ASV794	0	0	85	0	26	26	0	49	0	0	0	0	0	25	0	0	0	57	0	110	0
ASV795	0	0	51	0	23	37	0	0	0	0	75	15	0	0	0	0	0	0	0	99	109
ASV796	0	0	0	62	0	0	0	0	0	45	0	0	35	0	37	0	0	0	0	102	0
ASV797	0	17	0	0	33	0	0	0	0	72	0	0	24	0	0	0	0	0	0	89	41
ASV798	0	0	0	0	0	0	0	0	0	0	0	0	0	0	0	0	0	0	0	104	0
ASV799	0	0	0	0	0	0	0	0	0	0	0	0	0	0	0	0	0	0	0	111	0
ASV800	0	0	0	0	0	0	0	0	0	0	0	0	0	87	0	0	0	0	0	104	0
ASV801	0	0	0	0	20	0	0	0	0	14	0	0	2	0	0	0	0	5	0	91	0
ASV802	0	0	0	0	0	0	0	0	0	0	0	0	0	0	0	0	0	0	0	92	0
ASV803	0	84	0	0	0	0	0	0	0	54	0	0	0	0	0	0	0	0	0	100	0
ASV804	0	0	0	0	111	0	0	75	56	0	0	0	13	0	20	0	0	80	0	98	29
ASV805	0	0	0	0	136	0	0	158	0	0	0	113	43	0	0	288	0	0	0	90	0
ASV806	0	0	0	0	0	0	0	0	0	0	0	0	32	0	0	0	0	0	0	101	0
ASV807	46	106	186	0	192	0	0	34	99	155	0	163	103	0	125	269	0	62	0	95	76
ASV808	12	0	0	0	0	0	0	0	0	3	0	0	0	0	0	0	0	38	0	104	4
ASV809	288	0	149	0	29	159	0	125	65	21	0	129	29	0	58	0	179	122	0	99	66
ASV810	77	143	0	204	172	63	39	0	9	98	0	114	0	0	67	249	0	0	0	96	55
ASV811	0	0	0	173	0	136	0	85	19	59	0	0	110	0	64	0	0	68	0	91	111
ASV812	0	0	0	0	0	0	0	0	0	0	0	0	0	0	0	0	0	0	0	90	0
ASV813	0	0	0	0	0	0	0	0	0	0	0	0	0	0	0	0	0	0	0	88	0
ASV814	70	95	80	43	57	116	0	17	39	117	544	51	119	0	47	0	17	87	0	94	129
ASV815	150	256	0	0	247	0	115	158	0	63	113	82	123	101	86	423	89	0	0	83	43
ASV816	0	193	0	0	0	37	0	0	94	27	0	0	14	0	0	0	0	0	0	95	0
ASV817	107	109	8	37	43	173	328	69	244	87	414	113	149	165	129	225	89	121	0	88	136
ASV818	40	82	0	0	24	105	209	0	70	58	0	0	0	110	60	121	45	0	0	79	61
ASV819	0	0	0	399	0	0	0	0	0	103	0	0	0	0	0	0	0	0	0	85	8
ASV820	0	0	0	0	0	0	0	0	0	0	0	0	65	0	0	0	0	0	0	84	0
ASV822	0	146	77	0	0	32	0	60	0	37	0	61	50	122	52	87	104	0	0	87	35
ASV823	0	0	0	0	50	0	0	0	0	190	0	0	28	0	0	0	0	0	0	78	117
ASV824	42	0	127	0	0	77	86	216	78	90	0	48	62	62	45	0	76	75	0	85	79
ASV825	0	0	0	0	0	0	395	0	0	0	0	0	0	142	0	0	0	131	0	77	0
ASV826	0	0	127	0	0	69	0	0	0	0	0	101	0	0	0	0	0	89	0	84	0
ASV827	76	0	0	85	0	0	0	0	0	0	0	0	0	0	0	0	129	0	0	77	0
ASV828	0	408	107	0	0	67	0	124	72	0	0	0	91	0	0	0	0	0	0	81	76
ASV829	448	252	40	179	220	201	108	31	119	188	227	136	63	110	131	350	87	504	0	72	276
ASV830	291	91	129	1	117	112	0	101	182	76	0	132	79	28	82	205	293	56	0	81	59
ASV831	107	101	147	0	80	0	0	64	66	44	440	0	0	81	65	0	0	0	0	88	83
ASV832	0	0	0	0	109	0	0	0	29	0	151	0	62	0	50	314	0	0	0	75	0
ASV833	0	103	0	0	55	0	238	0	0	139	1	0	47	0	0	0	0	90	0	73	0
ASV834	0	0	24	0	0	0	0	0	0	40	0	0	0	0	63	0	27	0	0	79	0
ASV835	0	0	0	0	0	0	0	0	0	0	3	0	86	219	201	0	109	55	0	81	76
ASV836	0	0	0	0	43	0	0	0	0	0	0	0	0	0	0	0	0	1	0	80	0
ASV837	0	0	110	0	0	125	430	0	0	0	0	0	207	0	0	0	225	0	0	77	0
ASV838	0	0	0	0	0	0	0	0	0	0	0	0	0	0	0	0	0	0	0	73	0
ASV839	112	0	0	0	0	0	0	0	0	0	0	0	0	0	0	0	0	0	0	76	0
ASV840	0	0	0	0	184	0	0	306	234	0	0	83	75	0	432	0	84	0	0	78	185
ASV841	0	0	0	0	0	0	0	39	0	0	0	0	0	0	0	0	0	0	0	77	0
ASV842	0	0	0	0	0	0	0	0	0	0	0	0	0	0	0	0	0	0	0	74	73
ASV843	0	0	0	0	0	0	0	0	0	0	0	0	0	0	0	0	0	0	0	72	0
ASV844	64	0	0	0	0	42	0	0	238	7	0	0	0	0	0	0	0	0	0	63	0
ASV845	27	0	53	51	27	114	0	0	42	31	22	106	55	139	0	91	183	0	0	67	94
ASV846	0	0	0	0	0	0	0	0	0	68	0	0	39	0	0	258	0	0	0	72	100
ASV847	49	35	56	0	78	28	2	196	114	25	0	57	59	67	47	46	38	0	0	66	42
ASV849	0	0	0	0	0	58	0	0	0	0	0	0	0	0	16	0	0	0	0	71	0
ASV850	0	0	0	0	0	0	0	0	0	0	0	0	0	0	0	0	0	0	0	61	0
ASV851	0	142	0	0	71	100	0	0	0	0	0	55	0	42	0	0	96	0	0	65	78
ASV852	0	142	0	0	0	38	0	0	0	27	0	0	0	61	0	0	1	0	0	67	0
ASV853	164	38	16	0	0	0	0	99	24	92	0	63	51	0	0	0	83	0	0	67	0
ASV854	0	0	0	0	0	0	0	52	0	0	0	0	0	0	0	0	0	0	0	73	28
ASV855	0	0	0	0	0	0	58	0	0	51	0	0	29	0	0	0	39	0	0	67	0
ASV856	0	2	0	0	0	0	0	0	18	0	0	0	25	124	62	0	0	0	0	61	22
ASV857	293	434	301	362	344	221	438	146	262	611	0	160	289	544	434	0	139	113	0	68	174
ASV858	98	0	0	0	0	2	0	0	0	0	0	0	0	0	0	0	0	0	0	69	22
ASV859	0	122	0	11	1	16	29	66	27	25	0	98	0	3	33	0	0	0	0	67	10
ASV860	0	188	32	0	234	72	0	38	125	0	0	0	29	0	29	0	214	242	0	70	117
ASV862	0	0	0	0	0	0	0	0	0	0	0	0	0	0	0	0	0	0	0	70	0
ASV863	0	0	0	0	0	0	228	0	0	0	0	0	0	0	0	0	0	0	0	65	0
ASV864	0	0	0	41	0	36	46	67	0	0	0	0	26	49	0	0	0	0	0	63	0
ASV866	0	0	0	0	0	0	0	0	0	0	0	0	0	0	0	0	0	0	0	57	0
ASV867	0	0	0	59	0	21	0	0	24	16	0	0	20	0	0	0	46	0	0	61	19
ASV868	144	258	138	0	50	0	0	0	0	138	2	0	69	0	0	0	0	0	0	69	45
ASV869	0	0	0	0	0	0	0	0	0	0	0	0	0	0	0	0	0	0	0	58	0
ASV871	11	0	0	66	28	80	0	0	80	19	294	0	75	0	0	0	0	49	0	61	23
ASV872	91	110	399	0	0	167	0	91	0	66	0	0	205	0	0	0	240	0	0	60	100
ASV873	32	134	38	0	82	63	60	46	64	91	0	83	75	4	50	0	12	0	0	61	49
ASV874	10	27	0	0	0	66	0	0	0	90	0	0	43	0	11	0	0	230	0	57	0
ASV875	29	0	0	25	31	13	16	9	55	0	0	13	27	13	0	0	21	0	0	59	42
ASV876	0	0	0	0	16	0	0	0	0	0	0	34	24	21	0	0	3	33	0	55	0
ASV877	88	233	0	0	0	30	0	24	95	0	0	0	0	0	0	0	0	0	0	59	74
ASV878	0	0	0	0	0	0	0	0	0	0	0	9	0	0	0	0	0	0	0	55	0
ASV879	0	0	0	0	0	0	0	0	0	0	0	0	0	0	0	0	0	0	0	56	0
ASV880	0	0	0	0	0	0	0	46	0	0	0	0	0	0	0	0	0	0	0	67	0
ASV881	220	70	156	104	122	113	55	63	95	54	88	176	106	234	153	173	142	185	0	60	187
ASV882	0	0	100	0	0	0	0	0	0	50	0	0	0	0	0	0	0	0	0	60	28
ASV883	0	0	0	0	47	0	0	0	1	0	0	0	60	0	0	0	0	0	0	52	0
ASV884	48	0	0	71	0	0	0	87	34	0	0	29	0	0	65	0	0	0	0	56	82
ASV885	31	25	39	26	29	36	43	15	78	29	24	0	26	31	0	14	33	15	0	53	30
ASV886	23	97	0	17	29	53	84	127	58	35	0	58	15	0	23	0	0	58	0	54	17
ASV888	0	0	0	0	0	0	0	9	0	0	0	0	0	0	0	0	0	0	0	51	0
ASV889	0	0	0	0	0	84	0	0	34	87	0	0	0	0	0	0	0	0	0	56	1
ASV890	2	0	0	0	0	0	0	0	0	0	0	0	0	263	0	0	1	1	0	44	0
ASV891	0	0	0	0	0	0	0	0	0	0	0	0	0	0	0	0	0	0	0	50	0
ASV892	24	0	0	0	0	41	0	0	0	0	0	0	54	0	21	0	37	123	0	51	7
ASV893	0	197	0	0	0	0	0	0	0	0	0	0	0	292	0	0	0	101	0	59	0
ASV894	51	0	87	0	50	61	0	22	89	215	149	0	82	40	67	64	0	11	0	49	68
ASV895	0	0	0	0	38	0	0	0	60	0	207	0	0	0	7	0	0	0	0	48	0
ASV896	3	37	83	0	88	0	0	0	0	13	0	0	6	0	44	0	0	0	0	48	0
ASV897	0	0	0	0	0	0	0	0	0	0	0	0	0	0	0	0	0	0	0	51	0
ASV898	124	0	21	0	87	0	0	0	0	0	0	128	0	0	0	0	0	0	0	55	22
ASV899	71	0	0	0	0	56	0	0	0	0	0	88	0	0	0	0	0	0	0	47	0
ASV900	119	0	0	0	55	0	0	0	0	25	0	0	33	57	0	0	99	0	0	51	68
ASV901	0	0	143	0	0	0	0	0	13	1	0	46	0	0	0	0	0	0	0	48	2
ASV902	0	0	0	0	0	0	0	0	0	0	0	0	0	0	0	0	0	0	0	50	0
ASV903	0	0	0	0	0	0	0	0	0	0	0	0	0	0	0	0	0	0	0	48	0
ASV904	0	0	0	0	0	0	123	0	60	65	0	63	0	0	0	0	0	96	0	54	0
ASV905	0	0	0	0	0	0	0	0	0	0	0	79	0	0	0	0	0	0	0	37	0
ASV906	0	0	0	1	61	30	0	123	0	120	0	0	79	0	65	0	0	110	0	46	56
ASV907	0	0	0	0	0	0	0	0	0	0	0	0	10	0	0	0	0	0	0	43	0
ASV908	0	0	0	0	0	0	0	0	0	0	0	0	0	0	0	0	0	0	0	53	0
ASV909	120	309	0	73	174	73	0	86	103	49	0	0	102	0	12	0	2	275	0	44	106
ASV910	0	0	0	0	0	0	0	0	0	0	0	0	0	0	96	0	0	70	0	46	0
ASV911	0	0	0	0	0	0	0	0	0	0	0	0	0	0	0	0	0	0	0	49	0
ASV912	0	0	34	0	0	0	0	38	0	64	0	0	20	0	26	0	0	0	0	48	44
ASV913	0	66	0	168	32	0	0	0	0	57	0	42	34	83	31	0	96	0	0	47	0
ASV914	0	59	0	0	38	0	0	0	0	0	0	0	0	0	0	0	0	0	0	48	0
ASV915	0	0	0	0	52	0	0	0	0	0	0	0	0	0	0	0	0	0	0	43	0
ASV916	82	91	39	26	0	110	0	33	41	100	0	0	55	59	0	0	120	52	0	42	0
ASV917	0	139	0	0	59	0	0	0	0	0	0	0	0	0	80	0	0	0	0	47	0
ASV918	27	0	0	0	0	12	0	68	0	0	0	30	0	0	0	0	0	0	0	47	0
ASV919	0	0	0	0	0	0	0	0	3	0	0	0	0	0	0	0	0	0	0	47	0
ASV920	0	0	0	0	0	31	0	0	0	34	0	57	0	0	33	0	0	27	0	42	0
ASV921	0	0	0	0	15	0	5	16	28	0	15	52	29	54	0	0	0	0	0	46	8
ASV922	0	0	0	0	0	0	0	0	0	0	0	114	0	0	13	0	0	0	0	41	0
ASV923	10	0	0	60	61	3	0	13	19	32	0	0	13	5	26	0	104	20	0	42	25
ASV924	21	0	35	0	76	64	15	62	63	0	0	84	25	0	13	0	137	45	0	43	39
ASV925	0	0	76	0	58	0	10	0	14	0	236	0	0	130	20	0	0	0	0	40	0
ASV926	44	0	0	0	0	0	0	0	0	57	38	0	0	71	43	0	0	0	0	39	0
ASV927	0	0	0	13	0	8	0	23	188	0	0	82	16	66	40	0	27	27	0	43	46
ASV928	0	0	356	0	0	0	0	0	0	0	0	0	0	0	0	0	0	0	0	44	0
ASV929	0	0	0	0	0	0	0	0	7	0	0	0	0	0	0	0	0	0	0	41	21
ASV930	0	0	0	0	0	0	15	0	0	0	0	0	0	0	0	0	0	0	0	40	0
ASV931	0	0	0	0	0	0	0	0	0	42	0	13	0	0	0	0	0	42	0	38	0
ASV932	65	35	0	0	50	0	0	0	24	9	0	40	10	0	14	0	0	81	0	41	0
ASV933	0	16	0	0	0	0	0	0	0	0	0	0	0	0	0	0	0	0	0	48	0
ASV934	0	0	0	0	12	77	0	0	0	29	0	0	0	0	0	0	0	0	0	43	117
ASV935	0	0	0	0	0	0	0	0	0	0	0	0	0	0	0	0	0	0	0	39	0
ASV936	78	0	0	0	44	4	0	97	0	84	61	0	0	0	0	0	0	0	0	37	0
ASV937	0	77	0	0	0	63	0	0	28	131	126	65	151	0	156	0	0	148	0	38	54
ASV938	33	21	24	39	56	0	0	10	0	49	0	0	50	0	7	337	0	0	0	40	0
ASV939	0	0	0	0	0	0	0	0	0	65	0	0	0	0	0	0	0	0	0	38	71
ASV940	0	0	0	0	0	0	0	0	0	0	0	0	0	0	15	0	0	0	0	37	0
ASV941	0	0	0	1	0	10	38	0	8	0	0	0	0	0	16	0	0	0	0	37	22
ASV942	47	0	0	0	0	60	0	0	0	0	0	0	61	0	0	0	0	0	0	34	0
ASV943	0	63	133	0	0	54	0	51	0	0	0	0	0	0	0	0	0	37	0	36	0
ASV944	15	0	56	0	29	0	0	0	45	0	0	0	21	0	0	0	0	0	0	34	0
ASV945	0	0	0	0	0	0	0	0	0	0	0	0	0	0	0	0	0	0	0	37	0
ASV946	1	0	0	0	13	33	68	0	14	1	0	0	33	5	0	0	0	0	0	35	4
ASV947	3	18	29	0	0	0	0	0	0	0	79	0	41	0	16	0	0	0	0	35	0
ASV948	0	5	0	0	0	0	0	0	7	0	0	0	0	0	5	0	0	0	0	30	0
ASV949	0	0	0	0	0	0	0	0	0	0	0	0	0	0	0	0	0	0	0	44	0
ASV950	0	135	0	0	0	0	0	0	0	0	0	0	0	0	0	0	0	0	0	37	0
ASV951	101	117	14	24	87	237	14	330	23	45	0	0	89	240	144	183	49	5	0	36	88
ASV952	29	51	24	55	0	44	105	0	127	25	47	106	20	50	66	78	41	97	0	38	36
ASV953	0	0	0	0	0	0	0	0	0	0	0	0	0	0	0	0	0	0	0	35	0
ASV954	0	0	8	0	0	0	0	1	3	30	0	0	2	0	0	21	0	0	0	28	0
ASV955	0	0	0	0	0	0	0	0	0	0	0	0	10	0	18	0	0	0	0	31	0
ASV956	0	0	0	0	0	1	0	0	52	45	0	19	0	0	0	0	20	12	0	33	0
ASV957	0	0	0	0	0	0	0	0	0	0	0	0	0	0	0	0	0	0	0	37	0
ASV958	20	0	0	0	23	0	0	0	0	39	0	0	80	12	0	0	117	0	0	28	0
ASV960	39	175	0	0	0	54	0	65	34	0	0	0	49	0	35	0	0	0	0	40	0
ASV962	0	0	0	0	0	0	0	0	0	0	0	0	0	0	0	0	0	0	0	36	0
ASV963	58	0	0	0	50	24	18	42	71	34	0	116	27	0	103	0	0	34	0	25	50
ASV964	13	75	10	0	11	25	0	25	3	0	0	0	0	0	13	0	0	0	0	26	0
ASV965	36	15	21	20	29	55	40	19	23	32	27	26	32	0	23	0	19	59	0	34	35
ASV968	0	0	0	0	0	19	0	0	0	0	0	0	0	0	0	0	0	42	0	25	16
ASV969	0	0	0	0	0	7	0	0	0	0	0	0	0	0	0	0	0	0	0	30	0
ASV970	65	0	132	70	74	191	0	48	162	83	0	26	109	89	164	332	0	22	0	27	131
ASV971	0	0	0	0	0	97	182	130	0	0	93	60	185	0	0	0	100	54	0	29	0
ASV972	91	0	0	0	0	126	0	352	0	323	0	202	0	0	0	0	0	99	0	27	0
ASV974	0	0	0	0	0	0	0	0	0	0	0	0	0	0	0	0	0	0	0	25	0
ASV975	24	141	10	34	0	0	0	0	84	24	0	0	44	0	48	0	0	43	0	28	29
ASV976	20	28	0	0	0	14	0	0	0	0	0	0	0	11	23	0	0	0	0	30	0
ASV977	1	15	0	13	15	9	48	0	31	6	39	15	16	14	26	0	0	0	0	32	15
ASV981	0	0	0	0	82	0	0	0	0	0	0	0	0	0	0	0	0	0	0	28	0
ASV982	0	0	0	0	0	0	0	0	0	0	0	0	0	0	0	0	0	0	0	26	0
ASV983	0	0	0	0	0	0	0	0	0	0	276	0	87	0	0	0	0	0	0	27	0
ASV984	0	77	0	0	32	0	10	0	128	0	0	0	0	30	0	752	0	0	0	33	0
ASV985	0	0	0	0	0	17	0	0	0	13	0	59	12	27	0	0	7	0	0	32	0
ASV986	17	46	0	0	0	11	0	3	12	0	0	0	0	0	24	0	0	5	0	31	16
ASV988	0	0	0	0	0	0	0	0	0	0	0	0	0	0	0	0	0	0	0	27	0
ASV989	0	0	0	0	14	0	0	0	0	0	0	0	0	0	0	0	0	0	0	24	0
ASV990	0	32	0	0	0	0	0	0	0	0	0	0	0	0	0	0	0	0	0	25	0
ASV991	46	14	26	17	26	28	12	14	5	29	17	11	26	31	16	18	26	30	0	33	11
ASV992	0	0	0	0	0	0	0	0	0	0	0	0	0	0	0	0	0	0	0	19	0
ASV993	0	50	0	0	0	0	0	0	0	17	0	0	0	0	0	0	27	0	0	24	0
ASV994	0	0	0	0	0	0	0	0	0	0	0	0	0	0	0	0	0	0	0	29	0
ASV995	0	0	0	2	0	0	0	0	0	0	0	0	0	0	0	0	0	0	0	26	0
ASV996	36	0	0	48	15	3	0	0	15	36	0	0	8	0	51	0	0	18	0	23	0
ASV997	0	0	0	0	0	0	0	0	0	0	0	0	0	0	0	0	0	0	0	31	0
ASV998	0	0	0	0	0	0	0	0	0	0	0	0	0	0	0	0	0	0	0	23	0
ASV999	67	49	131	0	38	15	0	39	102	35	0	49	24	0	7	0	88	1	0	25	30
ASV1000	33	0	0	0	0	22	0	0	0	13	0	0	0	0	44	0	0	18	0	24	0
ASV1001	93	12	122	0	50	102	0	0	50	63	0	168	0	50	143	0	22	39	0	27	79
ASV1002	0	0	33	0	17	0	0	0	0	0	0	0	0	0	0	0	0	0	0	28	0
ASV1003	1	32	0	0	79	37	0	0	5	0	0	68	24	99	10	0	46	49	0	20	0
ASV1004	0	3	0	0	23	70	0	0	36	14	29	2	35	59	70	0	3	0	0	25	33
ASV1005	0	0	0	0	0	0	0	0	0	0	0	0	0	0	0	0	0	0	0	24	0
ASV1006	0	0	0	0	7	57	0	18	69	1	0	7	25	0	40	0	18	0	0	23	0
ASV1007	0	0	0	0	0	0	0	0	0	0	0	0	0	0	0	0	0	0	0	18	0
ASV1008	0	0	0	0	0	0	0	0	0	0	0	0	0	0	0	0	0	0	0	21	0
ASV1009	14	17	21	15	32	36	21	16	26	22	6	16	24	14	18	0	14	17	0	17	40
ASV1010	0	41	0	0	0	0	0	0	61	0	0	0	0	0	0	0	0	0	0	23	0
ASV1011	0	0	0	156	0	0	0	0	0	0	0	102	0	0	0	0	0	0	0	20	0
ASV1013	0	0	0	11	39	49	0	0	65	46	0	0	41	0	0	0	0	17	0	20	15
ASV1014	0	0	21	16	0	0	10	12	0	0	14	0	0	7	6	13	28	9	0	24	19
ASV1015	41	0	0	0	0	0	0	0	0	0	0	0	0	0	28	54	126	201	0	19	0
ASV1016	8	2	0	0	39	0	0	0	0	0	0	16	82	0	33	0	62	55	0	18	31
ASV1017	7	63	19	0	18	11	13	0	12	18	0	0	6	49	7	0	0	16	0	18	15
ASV1020	0	0	2	12	0	18	23	0	57	0	9	11	0	0	0	0	9	4	0	22	5
ASV1021	0	0	0	0	0	0	0	0	0	0	0	0	0	0	0	0	0	0	0	17	0
ASV1022	0	0	0	0	0	0	0	0	0	0	0	0	0	0	0	0	0	0	0	22	0
ASV1023	1	45	0	0	14	25	0	110	0	23	0	2	0	0	14	0	0	1	0	17	12
ASV1024	0	0	60	0	0	48	34	0	0	0	0	0	17	0	0	0	82	0	0	16	51
ASV1025	46	0	0	0	0	0	0	0	0	0	0	0	0	0	0	0	0	0	0	17	0
ASV1026	0	0	38	0	31	0	0	0	0	61	1	0	0	0	246	335	1	0	0	12	0
ASV1027	0	0	0	0	0	0	0	0	0	0	0	0	0	0	0	0	0	0	0	16	0
ASV1028	21	0	24	9	0	0	0	0	12	0	0	0	0	15	0	0	53	0	0	18	0
ASV1029	54	0	0	0	60	0	0	0	37	0	0	0	0	12	34	0	0	0	0	18	0
ASV1030	0	0	0	0	0	0	0	0	0	0	0	0	0	0	0	0	0	0	0	19	0
ASV1033	0	49	0	0	12	0	0	0	0	0	0	0	0	0	0	0	0	0	0	18	11
ASV1034	0	0	0	0	0	0	0	0	0	0	0	0	0	0	0	0	0	0	0	19	0
ASV1035	0	0	0	0	14	0	0	32	0	20	0	0	0	0	0	0	91	0	0	18	0
ASV1036	0	0	0	0	0	0	0	0	0	0	0	0	55	0	0	0	0	3	0	17	0
ASV1037	0	0	0	0	0	0	0	0	13	0	0	0	0	0	0	229	0	0	0	20	0
ASV1038	24	8	0	0	0	13	0	0	8	48	0	11	21	1	7	1	1	0	0	17	9
ASV1039	14	0	0	0	0	0	0	0	0	0	0	0	0	0	0	0	0	0	0	21	0
ASV1040	0	0	0	0	0	0	0	0	0	0	20	0	11	0	15	0	0	0	0	20	0
ASV1042	0	0	0	0	0	0	0	0	0	0	0	0	0	0	0	0	0	0	0	21	0
ASV1043	0	0	0	0	0	0	0	0	0	0	0	0	0	0	0	0	0	0	0	18	0
ASV1044	0	0	0	0	0	0	0	0	0	0	0	0	0	0	0	0	0	0	0	18	0
ASV1045	42	213	231	164	192	45	31	32	42	26	0	49	37	56	0	110	122	0	0	15	135
ASV1046	0	0	0	0	0	0	0	64	0	0	0	0	0	0	40	0	0	95	0	17	0
ASV1048	0	0	0	0	0	0	0	0	0	0	0	0	0	0	0	0	0	0	0	14	0
ASV1049	0	112	43	0	0	17	0	0	51	21	54	0	8	0	0	275	0	28	0	19	19
ASV1050	0	0	0	0	0	0	0	0	0	0	0	0	0	0	0	0	0	0	0	14	0
ASV1051	31	0	0	0	0	0	0	0	0	0	0	0	0	0	0	0	0	0	0	18	0
ASV1053	31	119	0	0	0	0	0	0	0	0	0	0	0	19	39	0	37	0	0	16	3
ASV1055	0	0	0	0	0	0	0	0	0	0	0	0	0	0	0	0	0	0	0	14	0
ASV1056	0	0	0	0	0	0	0	0	82	19	0	44	0	99	7	0	25	0	0	12	62
ASV1057	0	0	0	0	0	0	0	0	0	0	0	0	15	0	0	0	0	0	0	13	0
ASV1059	0	0	0	44	55	0	178	0	4	0	0	0	8	16	84	0	54	0	0	11	0
ASV1060	0	0	0	0	0	0	0	0	0	0	0	0	0	0	0	0	0	0	0	17	0
ASV1061	0	0	0	0	0	0	0	0	0	0	0	0	0	0	0	0	0	0	0	15	0
ASV1062	0	0	0	84	0	0	0	0	0	0	0	16	55	62	0	0	0	0	0	15	0
ASV1063	0	0	0	0	0	0	0	0	0	0	0	0	0	0	0	0	0	0	0	19	0
ASV1064	0	0	0	0	0	0	0	0	0	0	0	0	24	0	0	0	0	0	0	14	0
ASV1065	0	0	0	0	17	8	0	25	0	23	0	27	0	0	22	0	0	41	0	14	22
ASV1066	0	0	0	0	0	0	0	0	0	0	0	0	0	0	0	0	0	0	0	14	0
ASV1067	0	0	0	0	0	8	0	14	38	0	0	0	0	0	0	0	0	0	0	14	13
ASV1068	0	0	0	27	0	0	0	13	4	0	0	4	0	18	20	0	0	0	0	13	20
ASV1069	0	0	0	0	9	0	0	19	0	0	0	0	0	0	2	0	0	0	0	13	0
ASV1070	0	0	0	0	0	0	0	0	0	0	0	0	0	0	0	0	0	0	0	13	0
ASV1071	0	0	0	0	0	0	0	0	0	0	0	0	0	0	0	0	0	0	0	17	0
ASV1072	6	0	0	0	20	0	0	11	15	0	92	0	0	0	0	0	0	20	0	13	0
ASV1074	0	0	0	0	0	0	0	0	0	0	0	0	0	0	0	0	0	0	0	14	0
ASV1076	0	0	0	0	0	0	0	0	0	7	0	0	0	0	12	0	0	0	0	13	0
ASV1077	0	0	0	0	0	0	0	0	0	0	0	0	0	0	0	0	0	0	0	12	0
ASV1078	0	0	0	0	0	0	0	0	0	35	0	0	0	0	0	0	0	0	0	12	0
ASV1079	0	0	0	0	0	0	0	0	0	0	0	0	0	0	47	0	0	0	0	13	0
ASV1080	0	0	0	0	0	0	0	0	0	0	0	0	0	0	0	0	0	0	0	8	0
ASV1082	0	0	32	0	0	0	0	0	51	0	0	0	0	0	0	0	0	0	0	10	0
ASV1085	0	0	0	0	0	0	0	0	0	0	0	0	0	0	0	0	0	0	0	15	0
ASV1089	3	0	0	0	0	0	0	0	0	0	0	0	0	0	0	0	0	0	0	11	0
ASV1091	20	0	2	169	0	9	0	0	45	0	0	45	4	0	14	0	1	48	0	12	15
ASV1092	0	0	0	0	0	0	0	0	0	0	0	0	0	0	0	0	0	0	0	9	5
ASV1093	0	0	0	0	65	0	0	33	0	49	0	0	0	0	0	0	0	0	0	7	0
ASV1095	0	0	0	0	0	0	0	0	0	0	0	2	0	0	0	0	0	0	0	11	0
ASV1100	6	15	7	4	21	12	0	2	12	27	0	0	36	41	13	0	0	8	0	12	6
ASV1104	9	0	13	9	0	20	0	0	12	0	0	5	27	4	0	0	18	0	0	10	3
ASV1106	0	0	0	0	0	0	0	1	5	0	0	0	0	0	15	1	0	14	0	11	0
ASV1107	0	37	17	48	0	27	6	0	9	26	0	30	0	42	9	0	1	19	0	13	0
ASV1112	7	0	45	0	0	0	0	0	42	0	0	16	0	0	0	0	0	44	0	10	0
ASV1114	0	0	27	0	13	0	0	0	0	0	74	87	0	0	0	0	0	0	0	13	0
ASV1115	0	0	0	0	45	0	0	0	26	36	0	0	0	0	0	0	0	0	0	11	13
ASV1116	2	0	0	3	3	7	0	0	16	0	0	0	2	0	0	0	0	0	0	13	4
ASV1117	0	0	0	9	0	28	0	0	0	0	0	0	0	0	0	0	0	0	0	7	0
ASV1120	1	0	0	164	5	43	0	28	70	11	0	1	1	0	2	0	0	0	0	9	0
ASV1125	16	0	0	0	15	13	0	0	0	9	0	0	0	0	0	0	0	0	0	8	0
ASV1130	4	19	0	0	4	10	22	0	30	0	0	8	3	10	12	0	6	0	0	10	6
ASV1131	0	11	0	0	0	0	0	0	0	0	0	0	0	0	0	0	0	28	0	9	0
ASV1140	4	0	0	0	5	2	0	0	0	0	0	9	0	0	0	0	3	17	0	6	7
ASV1142	9	0	0	11	5	19	0	17	0	0	0	0	7	0	12	0	0	0	0	9	9
ASV1143	0	0	0	0	0	0	0	0	0	0	0	0	0	0	0	0	0	23	0	8	0
ASV1152	84	0	0	16	0	49	0	13	0	0	0	0	13	0	52	0	0	3	0	8	10
ASV1154	0	26	0	0	0	25	0	20	13	0	0	0	0	35	0	0	0	0	0	8	0
ASV1155	9	0	0	0	0	0	0	19	0	0	0	0	0	0	0	0	21	18	0	9	0
ASV1158	10	6	8	0	11	9	13	8	6	6	12	0	6	0	9	0	7	9	0	5	9
ASV1159	0	40	0	220	0	0	0	64	0	30	0	92	69	0	3	0	0	47	0	8	0
ASV1163	0	0	0	0	0	0	11	0	0	0	0	0	0	0	0	0	0	0	0	5	0
ASV1165	0	0	0	0	0	0	0	0	0	0	0	0	12	0	0	0	0	31	0	4	0
ASV1171	11	26	1	9	17	14	62	19	28	35	2	14	29	43	23	19	28	11	0	6	20
ASV1178	0	0	0	0	0	0	5	0	9	0	0	0	2	0	0	0	0	0	0	4	0
ASV1179	0	0	0	0	0	0	0	0	0	0	0	0	7	14	0	0	0	0	0	4	0
ASV1182	0	0	27	42	32	40	158	0	0	0	0	0	31	0	0	0	0	0	0	6	0
ASV1183	43	0	0	0	0	0	0	0	0	2	0	0	0	35	0	0	0	0	0	5	0
ASV1184	0	0	0	0	7	0	0	0	0	0	0	0	0	0	0	0	0	0	0	6	24
ASV1189	0	0	0	0	0	0	0	0	0	31	0	0	0	0	72	0	0	0	0	4	19
ASV1190	0	0	0	0	0	0	0	0	33	0	0	0	0	0	0	0	0	0	0	5	0
ASV1191	19	58	2	47	32	3	15	0	21	32	0	20	6	0	26	0	17	0	0	3	4
ASV1200	0	0	0	0	0	0	0	0	0	0	0	0	24	0	0	0	0	0	0	4	0
ASV1205	0	0	0	0	0	0	0	0	0	0	0	0	0	0	4	0	0	0	0	5	3
ASV1207	2	0	2	11	12	1	17	1	0	0	0	0	3	0	5	0	3	10	0	5	0
ASV1210	6	0	10	2	0	6	3	11	9	14	2	9	6	0	0	6	3	0	0	5	0
ASV1212	0	0	3	0	0	0	28	0	4	0	0	0	0	0	0	0	0	0	0	5	10
ASV1213	0	0	0	0	3	0	9	3	0	1	0	0	0	0	3	0	0	0	0	4	0
ASV1231	0	0	0	0	0	0	0	11	0	0	0	0	0	0	0	0	0	0	0	5	0
ASV1242	0	0	9	0	0	64	0	0	0	0	0	0	0	0	0	0	0	2	0	4	0
ASV1247	0	0	0	0	6	0	0	0	0	0	0	0	11	0	0	0	0	0	0	4	0
ASV1248	7	0	0	0	0	0	0	2	0	0	0	0	0	0	0	0	0	0	0	4	0
ASV1261	0	0	0	0	0	0	0	0	0	0	0	0	8	0	0	0	0	0	0	5	0
ASV1262	0	0	0	0	0	4	12	0	0	5	0	0	0	12	0	0	0	0	0	4	5
ASV1269	128	36	155	0	16	27	2	44	95	21	0	7	28	36	54	0	77	17	0	4	80
ASV1271	0	0	0	0	41	0	0	0	0	0	0	0	128	157	0	0	0	124	0	3	0
ASV1276	0	0	0	0	0	0	0	3	1	14	0	0	0	0	4	0	0	7	0	2	1
ASV1280	3	2	3	2	0	0	9	21	0	1	0	5	3	8	0	0	0	0	0	1	3
ASV1303	0	0	0	0	0	0	0	10	0	0	0	0	0	0	0	0	0	0	0	4	13
ASV1321	0	0	0	0	0	0	0	0	0	0	0	0	0	97	0	0	0	0	0	1	0
ASV1324	0	5	0	0	0	0	0	0	18	0	0	0	0	1	0	0	0	0	0	3	0
ASV1351	0	0	2	0	0	0	0	0	5	4	0	0	6	0	2	0	0	0	0	3	0
ASV1376	0	0	0	0	12	15	58	0	0	1	0	26	0	0	18	0	0	3	0	2	0
ASV1379	0	0	4	7	0	0	0	0	0	6	0	0	0	0	0	0	0	0	0	3	0
ASV1387	0	1	0	0	57	91	0	218	71	175	368	0	44	0	226	0	2	48	0	2	25
ASV1389	91	0	0	0	0	0	0	0	0	0	0	0	0	0	0	0	0	0	0	0	0
ASV1390	0	0	0	0	0	0	0	0	0	124	0	0	0	0	186	0	0	0	0	3	0
ASV1439	0	0	0	0	0	0	0	0	0	0	0	0	40	0	0	0	0	0	0	2	0
ASV1440	0	0	0	0	0	37	0	0	74	16	0	0	0	0	0	0	0	0	0	1	0
ASV1474	39	0	163	0	0	12	0	0	0	15	0	0	27	0	0	0	0	0	0	3	0
ASV1476	0	0	0	0	85	57	0	0	38	0	0	0	0	0	0	0	0	124	0	0	0
ASV1478	0	0	0	0	0	0	0	0	0	0	0	0	21	0	0	0	0	0	0	3	0
ASV1520	57	0	0	0	0	0	0	0	0	24	9	74	0	2	0	2	0	88	0	1	2
ASV1591	40	0	0	0	0	0	0	17	0	61	0	134	0	0	0	0	0	0	0	2	50
ASV1614	37	0	0	101	9	32	0	0	41	0	253	0	0	29	0	0	0	0	0	1	19
ASV1639	0	0	0	0	19	0	0	0	0	0	0	0	0	0	0	0	4	0	0	2	0
ASV1641	0	0	0	0	23	1	0	0	0	0	0	0	4	14	24	0	0	0	0	2	3
ASV1779	0	0	0	0	0	0	0	0	0	0	0	0	0	0	0	0	0	33	0	0	0
ASV1792	0	0	187	0	0	0	0	0	0	0	0	0	0	0	0	0	0	0	0	0	21
ASV1793	0	0	0	0	39	0	0	0	0	0	0	0	0	0	0	0	0	0	0	1	0
ASV1810	0	0	0	0	0	0	0	0	0	0	0	0	0	28	0	0	0	0	0	1	0
ASV1939	0	0	0	0	0	0	0	0	0	0	0	0	0	20	0	0	0	0	0	1	0
ASV2034	0	0	0	0	46	0	0	0	0	0	0	0	0	0	41	0	0	0	0	1	0
ASV2139	0	0	0	0	0	0	0	0	26	0	1	0	0	0	0	0	0	0	0	1	0
ASV2177	27	0	0	0	0	0	0	0	0	0	0	0	0	0	0	0	0	0	0	1	0
ASV2179	0	0	0	0	0	2	0	19	0	1	113	38	3	0	0	0	0	0	0	1	16
ASV2309	0	0	0	0	0	0	0	0	0	118	0	0	0	0	0	0	0	0	0	0	0
ASV2313	0	0	72	0	0	0	0	0	0	21	0	0	0	0	0	0	0	0	0	0	0
ASV2342	169	151	224	207	398	193	248	267	193	173	842	220	364	370	227	396	467	63	0	0	579
ASV2343	0	363	0	130	178	157	0	0	225	0	0	0	90	109	0	0	0	113	0	0	333
ASV2344	0	179	235	312	328	185	0	191	123	133	198	96	136	225	262	0	0	124	0	0	294
ASV2345	106	0	0	0	0	91	0	70	0	0	0	137	206	0	98	0	0	0	0	0	219
ASV2346	0	216	0	0	0	40	0	0	0	0	0	0	0	115	0	0	0	0	0	0	180
ASV2347	0	0	0	0	0	0	0	0	123	0	0	0	0	0	0	0	0	0	0	0	151
ASV2348	0	220	0	449	181	66	0	193	0	227	451	132	237	168	93	754	68	0	0	0	149
ASV2349	0	99	0	0	0	0	222	0	108	0	0	0	0	0	0	0	21	0	0	0	152
ASV2350	0	0	0	0	0	0	0	0	0	0	0	0	0	0	0	0	0	0	0	0	137
ASV2351	0	0	0	0	0	20	0	0	0	0	0	0	0	0	0	0	0	0	0	0	146
ASV2352	0	0	0	2	0	0	0	0	0	0	0	0	0	0	0	0	0	0	0	0	134
ASV2353	0	0	0	254	47	0	0	27	0	45	0	0	0	154	42	457	0	35	0	0	122
ASV2354	0	0	0	0	0	0	0	0	0	0	0	0	0	0	0	0	0	0	0	0	131
ASV2355	164	0	0	0	204	172	110	0	0	72	0	132	96	377	0	0	0	110	0	0	112
ASV2356	292	52	182	469	326	173	161	280	144	233	275	118	92	320	139	142	207	161	0	0	132
ASV2357	0	49	76	0	0	0	0	24	0	0	38	21	9	0	18	0	15	0	0	0	107
ASV2358	119	175	0	0	0	35	0	0	0	0	412	0	0	0	0	0	0	238	0	0	126
ASV2359	305	75	144	0	39	31	0	16	0	141	0	81	26	10	183	124	0	88	0	0	123
ASV2360	39	0	0	0	46	57	57	68	132	39	0	0	81	0	119	47	0	62	0	0	103
ASV2361	14	145	0	174	38	98	0	22	0	130	128	53	49	0	15	0	49	48	0	0	102
ASV2362	0	0	406	74	30	182	0	201	16	0	0	0	0	0	90	247	0	37	0	0	96
ASV2363	20	0	0	9	62	0	0	0	0	0	0	0	35	0	0	0	0	0	0	0	89
ASV2364	105	177	111	0	56	71	352	92	123	0	0	0	139	0	0	118	0	0	0	0	111
ASV2365	0	0	0	0	144	142	111	0	0	141	88	0	140	0	114	0	109	0	0	0	109
ASV2366	0	0	0	1	0	0	0	0	0	0	0	0	0	70	108	0	140	0	0	0	100
ASV2368	0	0	0	0	46	0	0	59	0	0	0	0	0	0	0	0	176	0	0	0	83
ASV2369	0	0	0	0	0	0	0	0	0	0	0	0	0	0	0	0	0	0	0	0	99
ASV2370	0	252	0	0	0	0	0	135	130	139	0	333	0	104	0	0	0	77	0	0	86
ASV2371	94	0	0	0	0	0	75	55	0	80	0	0	0	0	0	229	0	0	0	0	88
ASV2372	0	0	0	0	0	2	0	0	36	0	0	0	0	26	8	0	0	0	0	0	90
ASV2373	0	0	0	0	0	0	0	0	0	0	0	0	0	0	0	0	0	0	0	0	82
ASV2374	0	88	0	0	23	37	0	55	44	49	0	0	0	91	69	0	0	0	0	0	81
ASV2375	0	0	212	0	0	0	0	170	0	136	0	0	63	0	0	0	108	81	0	0	80
ASV2376	0	0	171	0	0	0	0	124	0	0	89	84	0	0	0	0	0	62	0	0	68
ASV2377	0	0	0	0	0	0	0	0	0	0	0	0	0	0	0	0	0	0	0	0	76
ASV2378	0	35	0	15	39	97	0	0	0	96	0	0	0	0	76	0	50	37	0	0	71
ASV2379	0	91	134	190	99	80	0	118	195	27	0	147	0	147	0	0	0	46	0	0	71
ASV2380	0	0	0	0	0	0	0	0	0	0	0	2	19	199	60	1	0	333	0	0	79
ASV2381	0	0	1	0	0	0	0	0	0	0	0	0	0	0	0	0	0	0	0	0	71
ASV2382	71	0	250	0	0	0	0	128	35	0	0	0	128	0	107	0	0	0	0	0	70
ASV2383	221	0	104	0	0	75	0	45	0	0	0	0	50	0	0	0	202	148	0	0	82
ASV2384	0	0	0	0	0	0	0	0	175	0	0	0	0	0	0	0	0	0	0	0	71
ASV2385	0	0	0	0	0	0	0	0	43	0	0	0	0	0	0	0	0	0	0	0	77
ASV2386	0	0	0	0	0	0	0	0	0	0	0	0	0	0	0	0	0	0	0	0	76
ASV2387	0	0	0	0	0	0	0	0	0	0	0	0	0	0	0	0	0	0	0	0	73
ASV2388	0	0	0	0	0	0	0	0	0	0	1	0	0	0	0	0	0	0	0	0	65
ASV2389	0	0	0	0	69	11	0	0	106	132	0	0	0	0	25	0	0	0	0	0	64
ASV2390	0	0	0	0	0	25	0	31	18	21	0	6	0	0	0	0	0	0	0	0	64
ASV2391	0	0	0	0	0	0	0	0	0	0	0	0	0	0	0	0	0	0	0	0	61
ASV2392	76	6	0	0	0	0	0	0	0	0	0	0	0	0	0	0	0	0	0	0	58
ASV2393	0	0	0	0	0	82	0	0	0	0	25	0	0	147	0	102	158	0	0	0	57
ASV2394	90	0	0	242	0	61	0	82	0	0	0	0	0	0	40	0	0	168	0	0	59
ASV2395	0	0	0	0	0	0	44	0	0	0	20	16	0	0	0	114	59	49	0	0	68
ASV2396	0	0	230	0	0	0	0	0	0	0	527	0	0	0	0	0	214	0	0	0	61
ASV2397	0	0	0	0	0	0	2	0	0	0	0	0	0	0	0	0	0	0	0	0	58
ASV2398	0	0	0	0	0	0	0	0	0	0	0	0	41	0	0	0	0	0	0	0	55
ASV2399	0	0	0	0	0	0	0	0	0	0	0	0	0	0	0	0	0	0	0	0	58
ASV2400	0	0	0	0	0	0	0	0	0	0	0	0	0	0	0	0	0	0	0	0	53
ASV2401	0	0	0	0	0	0	0	0	0	0	0	0	0	0	0	0	0	0	0	0	58
ASV2402	0	165	0	0	58	97	0	0	0	36	0	0	126	0	0	0	0	0	0	0	49
ASV2403	2	0	0	0	0	0	53	15	38	0	0	0	0	28	0	255	0	0	0	0	58
ASV2404	0	0	0	0	0	22	0	0	0	0	0	0	7	0	0	0	0	0	0	0	41
ASV2405	0	0	0	0	0	0	0	0	0	0	0	0	15	0	0	0	0	0	0	0	52
ASV2406	0	0	0	0	0	64	0	0	0	0	0	202	0	0	0	0	0	0	0	0	49
ASV2407	0	0	0	0	0	0	0	0	0	0	0	0	0	0	0	0	0	0	0	0	47
ASV2408	0	0	0	0	0	0	0	0	0	0	0	0	0	0	0	0	0	0	0	0	57
ASV2409	0	0	0	0	0	0	0	0	0	0	0	0	0	0	0	0	0	0	0	0	44
ASV2410	0	0	0	0	0	0	0	86	0	0	0	0	0	0	0	0	0	0	0	0	43
ASV2411	0	0	0	0	0	0	0	0	0	0	0	0	0	3	0	0	0	0	0	0	44
ASV2412	88	0	202	0	106	101	0	0	0	188	0	0	0	0	0	0	172	121	0	0	44
ASV2413	0	0	192	0	0	0	0	0	0	84	0	135	170	0	0	0	0	33	0	0	47
ASV2414	0	0	0	0	0	0	0	0	0	0	0	0	0	0	0	0	0	0	0	0	56
ASV2415	0	0	0	0	0	0	0	1	0	0	0	0	0	0	0	0	0	0	0	0	48
ASV2416	71	0	53	0	0	0	41	0	0	0	0	0	72	0	0	0	0	0	0	0	40
ASV2417	0	0	0	0	0	1	0	0	0	0	0	0	0	0	1	0	0	0	0	0	42
ASV2418	17	36	31	0	64	39	2	0	0	70	196	0	0	55	0	0	0	9	0	0	41
ASV2419	0	0	0	0	0	0	0	0	0	81	0	55	0	0	0	0	0	0	0	0	47
ASV2420	99	0	0	0	183	54	0	302	0	60	0	0	16	0	132	0	0	0	0	0	43
ASV2421	0	0	0	0	0	0	0	0	0	0	265	0	0	0	0	0	0	0	0	0	39
ASV2423	43	0	0	0	0	0	0	0	0	0	0	183	0	88	23	0	74	0	0	0	48
ASV2424	0	0	0	0	0	0	0	48	0	0	0	0	0	0	0	0	86	0	0	0	44
ASV2425	0	293	0	1	0	0	0	0	0	0	0	0	0	0	0	0	0	0	0	0	39
ASV2426	0	0	0	0	0	1	0	0	0	0	0	0	0	0	0	0	0	0	0	0	43
ASV2427	0	0	0	0	0	0	0	0	0	0	0	0	0	0	0	0	0	0	0	0	35
ASV2428	0	0	0	0	0	0	0	0	0	0	0	0	0	0	0	0	0	0	0	0	45
ASV2429	0	0	0	0	0	0	0	0	0	0	0	0	0	0	0	0	0	0	0	0	33
ASV2430	0	0	0	0	0	0	0	0	0	0	0	0	0	0	41	0	0	0	0	0	34
ASV2431	62	0	0	10	0	6	0	0	0	0	0	0	0	0	0	0	0	0	0	0	36
ASV2432	0	0	0	0	0	29	0	0	0	0	0	0	0	0	0	0	0	0	0	0	42
ASV2433	0	0	0	0	23	0	0	0	0	0	0	0	0	0	0	0	0	0	0	0	43
ASV2434	0	0	0	0	0	0	0	0	0	0	0	0	0	0	0	0	0	0	0	0	40
ASV2435	0	1	0	0	0	0	0	0	228	0	0	0	0	0	0	0	0	0	0	0	37
ASV2436	30	16	25	0	16	13	22	48	10	39	0	26	17	48	34	0	37	42	0	0	33
ASV2437	0	0	0	0	0	0	0	0	0	0	0	0	0	0	0	0	0	0	0	0	47
ASV2438	0	0	0	96	117	11	101	0	104	0	20	67	0	121	60	0	20	0	0	0	33
ASV2439	0	0	0	0	0	0	0	0	0	0	0	0	0	0	0	0	0	0	0	0	33
ASV2440	0	0	0	0	0	0	0	0	0	0	0	0	0	0	0	0	39	0	0	0	29
ASV2441	0	0	0	0	0	0	0	0	29	0	0	0	9	0	0	0	39	0	0	0	36
ASV2442	0	0	0	0	0	0	0	0	0	0	0	0	0	0	0	0	0	0	0	0	33
ASV2443	42	0	0	0	35	0	84	0	0	0	0	0	0	0	0	238	0	0	0	0	30
ASV2444	0	0	0	0	0	0	0	0	0	0	0	0	0	0	0	0	0	0	0	0	33
ASV2445	0	0	0	0	0	0	0	0	95	0	2	0	0	0	56	3	0	0	0	0	37
ASV2446	0	1	0	0	23	0	0	111	2	39	0	0	0	0	0	0	0	0	0	0	36
ASV2447	0	0	0	0	0	0	0	0	0	0	0	0	0	0	0	0	0	0	0	0	32
ASV2448	0	0	0	0	0	12	96	0	0	0	0	0	9	0	12	0	0	0	0	0	34
ASV2449	0	0	0	0	0	0	0	0	0	0	0	0	0	0	0	0	0	0	0	0	30
ASV2450	0	0	0	0	0	0	0	106	0	0	0	0	0	0	0	0	0	0	0	0	33
ASV2451	0	0	75	0	0	0	0	19	0	0	0	0	0	0	0	0	0	0	0	0	39
ASV2452	0	0	0	0	0	0	0	0	0	0	0	0	0	0	0	0	0	0	0	0	27
ASV2453	0	0	0	0	0	0	0	0	0	0	0	0	0	0	0	0	0	0	0	0	30
ASV2454	0	0	0	0	0	0	93	0	24	0	0	0	0	0	0	0	0	0	0	0	32
ASV2455	0	0	0	0	0	0	0	0	0	0	0	0	0	0	0	0	0	0	0	0	34
ASV2456	7	0	51	54	15	25	96	0	0	0	89	0	0	0	70	0	0	30	0	0	34
ASV2457	0	0	0	92	33	23	401	0	51	22	0	93	57	0	0	0	0	22	0	0	33
ASV2458	0	111	47	0	18	0	0	69	0	58	0	0	0	0	0	0	0	0	0	0	29
ASV2459	0	0	0	0	38	9	0	0	0	0	0	0	0	0	21	0	0	2	0	0	27
ASV2460	0	0	0	0	0	0	0	0	0	0	0	0	1	0	0	0	0	0	0	0	29
ASV2461	0	0	89	0	0	0	0	0	0	9	0	0	0	0	0	0	0	0	0	0	33
ASV2462	0	0	0	0	0	0	0	0	0	0	0	0	0	0	0	0	0	0	0	0	24
ASV2463	0	0	0	0	0	0	0	0	0	0	0	0	0	0	0	0	0	0	0	0	29
ASV2465	0	0	0	0	28	10	0	0	0	0	0	0	0	1	0	0	0	47	0	0	25
ASV2466	78	0	2	0	110	71	0	2	1	65	0	108	103	76	0	1	134	0	0	0	30
ASV2467	0	0	126	0	44	0	0	46	0	0	0	48	26	30	0	0	0	0	0	0	28
ASV2468	0	0	0	0	0	0	0	0	0	0	0	0	0	0	0	0	0	0	0	0	32
ASV2469	0	0	0	0	0	0	0	0	0	0	0	0	0	0	0	0	0	0	0	0	25
ASV2470	0	0	0	0	0	0	0	0	0	0	0	0	0	0	0	0	0	0	0	0	26
ASV2471	0	0	70	0	0	11	0	0	17	32	0	0	20	0	0	0	0	30	0	0	30
ASV2472	0	0	0	0	0	0	0	0	0	0	0	0	0	0	0	0	0	0	0	0	35
ASV2473	0	0	0	0	0	0	0	0	0	0	0	0	13	0	0	0	0	0	0	0	25
ASV2474	38	0	0	27	60	0	36	41	0	0	0	90	24	61	33	0	0	0	0	0	27
ASV2475	0	0	0	0	0	0	0	0	0	0	0	0	16	0	0	0	0	0	0	0	28
ASV2476	0	0	0	0	0	22	0	0	0	0	0	0	0	0	0	0	0	0	0	0	29
ASV2477	0	0	0	0	0	15	0	16	0	0	0	0	0	0	0	0	0	0	0	0	30
ASV2478	0	0	0	0	0	0	0	23	0	0	0	0	8	0	0	0	0	0	0	0	25
ASV2479	0	0	0	0	0	0	0	0	0	0	0	0	0	0	0	0	0	0	0	0	22
ASV2480	0	0	0	0	0	35	0	0	0	0	0	0	0	0	0	0	0	0	0	0	26
ASV2481	0	0	0	0	0	0	0	0	0	0	0	0	0	0	0	0	0	0	0	0	27
ASV2482	221	0	385	106	0	0	0	0	104	73	380	0	98	93	48	0	0	87	0	0	25
ASV2483	37	0	0	0	0	0	0	10	40	34	0	52	0	4	51	0	0	0	0	0	29
ASV2484	0	0	0	0	0	0	0	0	0	0	0	0	0	0	0	0	0	0	0	0	25
ASV2486	97	0	0	78	0	0	0	56	0	22	0	0	0	0	39	0	0	0	0	0	26
ASV2487	38	0	105	86	0	27	0	89	44	29	0	22	0	0	7	0	0	13	0	0	25
ASV2488	0	0	5	0	0	29	0	0	0	0	0	5	0	53	4	0	0	0	0	0	22
ASV2489	0	0	120	17	5	30	0	0	161	34	180	22	35	48	0	0	30	0	0	0	22
ASV2490	0	0	0	0	10	0	28	0	25	24	0	0	57	0	0	0	0	3	0	0	26
ASV2491	1	0	0	0	0	0	0	0	0	0	0	0	88	0	0	0	0	0	0	0	16
ASV2492	89	0	0	0	0	0	0	0	0	0	0	0	0	0	0	0	0	0	0	0	21
ASV2493	0	0	0	0	0	0	0	0	0	0	0	0	13	0	0	0	0	17	0	0	23
ASV2494	0	0	0	0	0	0	0	0	0	0	0	0	0	0	0	0	0	0	0	0	17
ASV2495	0	0	0	0	0	0	0	0	0	0	0	0	0	0	0	0	0	0	0	0	21
ASV2496	4	0	24	26	56	74	24	0	18	99	20	0	58	23	48	102	82	0	0	0	28
ASV2497	0	94	0	0	33	55	0	0	0	0	0	0	0	57	0	0	0	0	0	0	24
ASV2498	0	0	0	0	0	0	0	0	0	0	0	0	0	0	95	0	0	0	0	0	22
ASV2499	0	0	0	0	0	0	0	0	0	0	0	0	0	0	0	0	0	0	0	0	18
ASV2500	81	0	0	0	0	0	0	0	0	0	0	24	0	0	0	0	0	0	0	0	24
ASV2501	0	0	0	18	0	0	0	12	0	0	0	0	0	1	19	0	0	0	0	0	17
ASV2502	38	0	13	0	0	25	0	0	0	0	0	6	0	0	0	0	0	0	0	0	26
ASV2503	0	0	0	0	0	64	0	0	0	1	0	0	9	0	0	0	0	37	0	0	22
ASV2504	0	0	0	0	0	0	51	0	0	48	0	138	0	0	24	0	0	0	0	0	23
ASV2505	0	0	0	0	0	0	0	0	0	0	0	0	0	0	0	0	0	0	0	0	21
ASV2506	0	0	0	0	0	0	0	0	5	86	0	0	0	0	0	0	0	0	0	0	20
ASV2507	0	0	0	0	0	0	0	0	0	0	0	0	0	0	0	0	0	0	0	0	22
ASV2508	0	0	0	0	0	0	0	21	63	9	0	0	14	0	0	0	0	0	0	0	20
ASV2509	0	0	0	0	0	0	0	0	0	0	0	0	52	0	0	0	0	0	0	0	21
ASV2510	0	0	0	0	0	0	0	0	0	0	0	0	0	0	0	0	0	0	0	0	19
ASV2511	0	0	0	0	0	0	0	0	0	0	0	0	0	0	0	0	0	0	0	0	22
ASV2512	0	59	0	0	0	0	0	0	0	0	0	0	0	0	0	0	0	0	0	0	17
ASV2513	0	0	0	0	0	0	0	0	0	0	0	0	0	0	0	0	0	0	0	0	19
ASV2514	0	0	0	0	0	17	0	0	0	0	0	114	0	0	0	0	0	0	0	0	24
ASV2516	29	89	0	0	4	0	0	0	55	0	0	3	11	0	0	0	0	0	0	0	24
ASV2517	0	0	0	0	0	10	0	0	0	0	0	0	0	0	0	0	0	0	0	0	18
ASV2518	0	0	0	0	0	0	0	0	0	0	0	0	0	0	0	0	0	0	0	0	25
ASV2519	0	0	0	0	0	9	0	0	14	0	49	0	0	0	14	0	0	0	0	0	17
ASV2520	0	0	0	0	0	0	0	0	0	0	0	0	0	0	0	0	0	0	0	0	21
ASV2522	0	0	0	0	0	0	0	0	0	0	0	0	0	0	0	0	0	0	0	0	19
ASV2523	0	0	0	0	91	0	0	0	118	0	0	0	39	0	0	0	0	115	0	0	18
ASV2524	0	0	0	0	0	0	0	0	0	0	0	0	0	0	0	0	0	0	0	0	16
ASV2525	0	0	0	0	0	48	0	0	0	0	0	0	0	0	0	0	0	0	0	0	21
ASV2526	0	0	0	0	0	0	0	0	0	0	0	0	0	0	0	0	0	0	0	0	19
ASV2527	0	0	0	0	0	18	0	0	0	0	0	0	0	0	1	0	0	0	0	0	17
ASV2528	0	0	124	0	0	0	0	0	0	0	0	0	0	0	0	0	0	83	0	0	19
ASV2529	36	71	0	0	10	0	75	0	15	21	0	13	18	0	0	0	0	0	0	0	17
ASV2530	0	0	0	0	42	0	0	0	0	0	0	0	0	7	0	0	0	0	0	0	14
ASV2531	0	0	0	0	0	0	0	0	0	0	0	0	0	0	0	0	0	0	0	0	23
ASV2533	0	0	0	0	0	0	0	0	0	0	0	0	0	0	0	0	0	0	0	0	17
ASV2534	0	0	0	84	0	0	0	0	0	1	0	0	0	0	53	0	0	0	0	0	20
ASV2535	0	0	0	0	0	14	0	0	0	0	0	0	0	0	0	0	0	0	0	0	16
ASV2536	0	0	0	0	0	0	0	0	0	0	0	8	0	0	0	0	0	0	0	0	16
ASV2537	0	0	0	0	59	0	0	0	0	40	0	0	0	0	54	2	0	73	0	0	19
ASV2538	0	0	0	0	0	0	0	0	0	0	0	0	0	0	0	0	0	0	0	0	16
ASV2539	0	0	0	0	0	40	0	0	13	0	0	20	0	0	0	0	0	0	0	0	17
ASV2540	12	0	0	0	61	34	0	70	63	96	0	0	106	0	0	0	0	0	0	0	14
ASV2541	0	1	0	0	0	0	0	0	0	0	0	0	0	0	0	0	0	0	0	0	18
ASV2542	11	0	0	0	8	69	0	0	0	21	0	0	87	0	0	0	0	0	0	0	17
ASV2543	0	0	0	0	0	0	0	0	30	10	0	0	0	0	0	0	0	23	0	0	13
ASV2544	0	0	0	0	49	0	0	0	0	0	0	0	0	0	0	0	0	0	0	0	15
ASV2545	0	0	0	0	0	0	0	0	0	0	0	0	0	0	0	0	0	0	0	0	18
ASV2546	0	0	0	0	0	0	0	0	0	0	0	0	0	0	0	0	0	0	0	0	14
ASV2547	0	0	0	0	0	0	0	0	0	0	0	0	0	0	0	0	0	0	0	0	17
ASV2548	22	0	0	51	25	0	0	0	74	0	2	44	24	0	0	0	0	0	0	0	18
ASV2549	0	0	0	0	0	0	0	0	0	0	0	0	0	0	0	0	0	43	0	0	14
ASV2550	0	0	0	0	0	0	0	0	0	0	0	0	0	0	0	0	0	0	0	0	14
ASV2551	0	0	10	0	0	0	0	27	29	7	0	0	0	0	0	0	0	0	0	0	13
ASV2552	0	0	0	0	0	0	0	0	0	0	0	0	0	0	0	0	0	0	0	0	13
ASV2553	0	0	0	0	0	0	0	15	0	0	0	0	0	0	0	0	0	0	0	0	12
ASV2554	0	0	0	0	0	0	0	0	0	0	0	0	0	0	0	0	0	0	0	0	13
ASV2555	0	0	0	0	0	0	0	0	0	0	0	0	0	0	0	0	0	0	0	0	17
ASV2556	0	0	269	0	0	0	0	0	0	0	0	0	0	0	0	0	0	0	0	0	9
ASV2557	0	0	0	51	0	36	0	0	0	0	0	0	0	0	0	0	0	0	0	0	13
ASV2558	0	0	0	0	0	0	0	0	0	0	0	0	23	0	0	0	0	0	0	0	14
ASV2559	0	0	0	0	0	0	0	0	0	0	0	0	0	0	0	0	0	0	0	0	13
ASV2560	0	0	0	0	0	0	0	0	0	0	0	0	0	0	0	0	0	0	0	0	13
ASV2561	0	0	0	0	1	0	0	0	0	0	0	0	0	0	0	116	0	0	0	0	13
ASV2562	0	0	0	0	0	0	0	0	0	0	0	0	0	0	0	0	0	0	0	0	16
ASV2563	0	0	35	0	26	7	0	63	0	4	0	21	6	0	0	0	0	0	0	0	13
ASV2564	0	63	0	0	11	0	0	0	0	0	203	0	0	41	0	0	0	0	0	0	16
ASV2565	0	0	0	0	21	0	0	0	0	4	0	0	0	0	0	0	0	0	0	0	16
ASV2566	0	0	1	0	0	0	0	20	0	0	0	0	0	0	0	0	0	0	0	0	13
ASV2567	0	0	48	0	16	30	0	150	20	0	0	0	13	0	3	0	0	0	0	0	15
ASV2568	97	70	0	0	41	119	0	0	0	365	1	100	18	0	45	0	0	95	0	0	16
ASV2569	0	0	0	0	0	0	0	0	0	0	0	0	0	0	0	0	0	0	0	0	14
ASV2570	0	0	0	0	0	0	0	0	0	0	0	0	0	0	0	0	0	0	0	0	13
ASV2571	0	0	0	0	0	0	0	0	0	0	0	0	0	0	0	0	0	0	0	0	12
ASV2572	0	0	0	0	3	0	0	0	0	0	0	0	0	0	0	0	0	0	0	0	14
ASV2573	0	0	142	141	0	0	49	0	0	13	0	5	14	0	12	0	0	0	0	0	13
ASV2574	0	0	0	0	0	0	0	0	0	0	0	0	0	0	0	0	0	0	0	0	10
ASV2575	0	0	0	0	0	0	0	0	0	0	0	0	0	0	0	0	0	31	0	0	14
ASV2576	0	0	0	0	0	0	0	0	25	0	0	0	0	0	0	0	0	0	0	0	13
ASV2577	9	0	0	0	0	0	93	0	0	0	31	0	26	0	0	99	0	41	0	0	16
ASV2579	0	0	0	0	0	0	0	0	0	0	0	0	0	0	0	0	0	0	0	0	10
ASV2580	0	0	0	0	0	0	0	0	0	0	0	0	0	0	0	0	0	0	0	0	6
ASV2581	0	0	41	0	0	0	0	0	0	0	0	0	0	0	0	0	0	0	0	0	9
ASV2583	0	0	0	172	0	0	0	0	0	54	0	0	0	0	10	0	93	61	0	0	5
ASV2586	0	0	0	0	0	0	0	0	0	0	0	0	5	0	0	0	0	0	0	0	14
ASV2596	17	0	0	0	58	0	0	0	20	0	0	17	23	0	0	0	10	0	0	0	14
ASV2598	6	0	5	0	9	0	0	24	0	0	0	0	10	9	6	17	0	8	0	0	12
ASV2599	0	0	0	9	5	0	29	2	36	10	1	0	7	19	6	16	0	0	0	0	9
ASV2600	0	0	0	0	0	0	4	0	0	15	0	0	0	0	0	0	0	0	0	0	10
ASV2601	0	0	0	0	0	0	0	0	0	16	0	0	0	0	0	0	0	0	0	0	8
ASV2602	52	0	0	0	0	0	0	0	0	0	0	0	0	0	0	0	0	0	0	0	9
ASV2604	0	0	0	0	0	0	0	0	0	0	0	0	0	0	0	0	0	7	0	0	9
ASV2606	6	0	0	0	0	0	0	13	7	0	0	0	0	47	0	0	0	0	0	0	8
ASV2607	0	0	0	0	0	0	0	0	0	0	0	121	0	0	0	0	0	0	0	0	13
ASV2609	0	0	0	33	26	0	0	0	3	0	0	0	3	19	19	0	0	0	0	0	9
ASV2611	0	0	0	0	20	23	0	0	0	0	0	0	0	0	0	0	0	0	0	0	11
ASV2616	0	0	0	0	0	2	0	8	0	8	0	0	18	0	14	0	0	0	0	0	13
ASV2617	38	0	0	27	0	16	0	0	60	0	0	0	5	0	67	0	0	0	0	0	11
ASV2618	30	0	0	21	0	34	0	0	3	15	0	14	0	0	0	0	13	24	0	0	7
ASV2619	0	0	0	0	0	0	0	0	0	0	0	0	0	12	0	0	0	0	0	0	10
ASV2622	0	0	0	0	0	2	0	0	16	0	0	0	0	0	0	0	0	0	0	0	9
ASV2625	4	0	0	0	0	0	11	0	0	5	0	0	0	0	0	0	0	8	0	0	12
ASV2626	0	0	103	0	0	0	0	35	0	0	0	0	0	0	0	0	0	0	0	0	9
ASV2628	0	0	0	0	0	0	0	37	0	0	0	0	30	0	0	0	0	0	0	0	6
ASV2631	0	0	0	89	0	0	0	0	0	0	0	0	0	0	0	0	0	0	0	0	7
ASV2632	0	2	0	16	0	0	0	0	0	0	1	0	0	9	4	0	0	9	0	0	6
ASV2635	0	0	0	0	0	0	0	0	0	0	0	2	6	0	0	0	0	0	0	0	9
ASV2638	0	21	0	0	0	0	0	0	0	0	0	0	0	0	0	0	0	0	0	0	6
ASV2639	0	0	0	0	0	0	0	0	0	35	0	0	0	0	0	0	0	2	0	0	5
ASV2642	0	0	0	0	0	0	0	0	13	4	0	36	0	0	6	0	157	0	0	0	7
ASV2643	0	0	0	0	0	26	0	0	0	45	0	0	0	0	0	0	0	0	0	0	9
ASV2646	0	0	0	0	0	0	0	8	0	0	0	0	0	0	0	0	0	0	0	0	3
ASV2649	0	0	0	0	0	0	0	0	17	0	0	0	0	0	24	178	0	6	0	0	10
ASV2651	0	0	0	0	0	0	0	0	0	0	0	0	0	0	10	0	0	0	0	0	10
ASV2654	0	0	0	0	0	0	0	0	0	0	0	21	0	0	0	0	0	0	0	0	8
ASV2655	0	0	0	0	0	2	0	0	4	0	0	0	0	1	1	0	1	0	0	0	9
ASV2662	0	0	0	0	0	0	0	0	0	0	0	21	52	0	27	0	0	0	0	0	8
ASV2666	0	0	0	0	35	0	0	0	0	0	0	0	7	0	0	0	0	0	0	0	5
ASV2667	0	0	0	140	2	6	0	0	19	25	0	0	8	68	66	0	6	0	0	0	5
ASV2679	0	0	0	0	2	0	0	0	0	0	0	0	9	0	0	0	0	0	0	0	7
ASV2681	0	1	8	5	1	0	0	0	0	8	0	0	0	0	9	9	1	13	0	0	4
ASV2683	0	41	4	0	0	4	0	0	39	0	8	0	0	0	0	0	7	0	0	0	9
ASV2686	2	0	9	0	3	0	0	1	0	0	0	0	9	0	0	0	0	0	0	0	7
ASV2690	0	0	0	0	34	0	0	0	0	0	0	0	0	0	0	0	0	0	0	0	5
ASV2693	0	0	0	0	0	0	0	0	0	0	0	0	0	0	15	0	0	21	0	0	5
ASV2695	0	0	21	0	0	0	0	0	0	1	0	0	0	0	0	0	0	3	0	0	6
ASV2702	0	0	0	0	0	0	0	0	47	0	0	0	0	0	0	0	0	0	0	0	5
ASV2718	0	0	0	0	0	6	0	0	0	0	0	0	0	0	4	0	0	0	0	0	3
ASV2719	0	0	0	0	0	0	0	0	0	8	0	0	18	0	0	0	0	0	0	0	1
ASV2732	0	0	0	0	0	0	0	118	0	0	0	0	0	0	0	0	0	0	0	0	4
ASV2735	0	0	0	0	0	0	264	0	0	0	0	25	0	0	0	0	0	0	0	0	3
ASV2737	0	0	8	0	6	0	0	13	0	0	0	0	7	0	0	0	0	9	0	0	4
ASV2739	0	0	0	0	0	0	0	0	0	0	13	0	0	0	0	0	0	0	0	0	3
ASV2748	7	0	0	0	0	0	0	0	0	0	0	0	0	0	0	0	0	0	0	0	2
ASV2750	0	9	0	24	0	0	0	18	0	0	0	0	0	0	0	0	0	0	0	0	3
ASV2752	0	18	0	0	0	0	0	0	0	0	0	0	0	0	0	0	0	0	0	0	4
ASV2762	7	0	0	3	0	0	1	5	4	0	4	0	8	0	7	3	1	0	0	0	4
ASV2763	0	0	0	0	0	1	0	0	19	111	0	0	0	0	0	0	31	0	0	0	2
ASV2769	0	16	0	0	0	0	0	0	0	14	0	0	0	0	0	0	0	0	0	0	5
ASV2770	266	0	0	0	0	1	0	0	0	0	0	117	96	0	200	0	0	152	0	0	4
ASV2778	0	0	0	0	6	0	0	0	0	0	0	0	0	0	0	41	1	0	0	0	3
ASV2780	0	0	12	0	0	4	0	0	0	0	0	0	0	0	0	0	0	99	0	0	2
ASV2785	0	0	0	165	28	0	0	0	0	0	0	0	0	0	0	0	0	0	0	0	2
ASV2789	0	0	0	0	0	0	4	1	0	0	0	0	0	0	7	0	0	0	0	0	3
ASV2828	0	0	0	1	0	0	0	0	0	0	0	225	0	0	0	0	0	0	0	0	1
ASV2835	0	0	0	0	0	0	4	2	0	0	0	0	0	0	3	0	0	0	0	0	3
ASV2892	64	0	0	0	0	0	0	0	54	0	0	0	0	71	34	0	0	0	0	0	0
ASV2894	8	0	0	0	2	0	0	0	0	0	0	0	0	0	0	0	0	0	0	0	1
ASV2898	0	143	0	0	0	0	0	0	0	0	0	0	0	0	25	0	0	35	0	0	2
ASV2902	0	0	0	0	40	0	0	0	0	0	0	0	0	0	0	0	0	0	0	0	2
ASV2911	0	0	0	0	0	0	0	0	0	3	0	3	0	0	0	0	0	8	0	0	0
ASV2912	0	0	0	0	0	0	0	0	0	7	0	0	24	0	27	0	0	0	0	0	1
ASV2980	0	0	0	0	0	0	0	178	3	0	0	0	37	0	25	0	0	143	0	0	1
ASV2991	0	0	0	22	0	0	0	0	5	0	0	0	0	0	0	0	0	0	0	0	1
ASV2994	0	90	0	37	14	0	0	0	0	0	0	0	0	0	0	0	17	0	0	0	1
ASV3035	0	0	0	0	0	45	0	0	0	0	0	0	0	34	0	0	0	1	0	0	0
ASV3092	0	0	0	0	0	0	0	0	0	0	0	0	0	0	0	0	0	80	0	0	0
ASV3093	0	0	0	0	0	0	0	0	0	195	0	0	0	0	0	0	0	0	0	0	0
ASV3107	0	0	181	0	0	0	0	0	0	17	0	0	0	0	0	0	213	67	0	0	1
ASV3108	1	0	0	1	0	1	0	59	62	0	2	0	53	0	34	0	0	36	0	0	0
ASV3112	198	0	0	0	0	0	0	0	0	0	0	0	0	0	0	0	0	0	0	0	1
ASV3113	0	0	0	0	0	34	0	0	0	0	107	0	0	0	56	0	0	0	0	0	0
ASV3114	0	0	22	0	0	0	0	0	0	0	0	0	0	0	0	0	0	0	0	0	0
ASV3144	0	0	0	1	0	3	3	0	0	0	0	0	0	0	0	0	5	0	0	0	0
ASV3202	0	0	0	0	0	0	0	0	0	21	0	0	0	0	0	0	0	0	0	0	0
ASV3214	0	0	0	0	0	0	826	0	0	0	1	0	123	0	0	0	0	0	0	0	1
ASV3356	0	0	0	0	0	0	0	0	0	0	0	0	0	157	0	0	0	0	0	0	0
ASV3362	0	0	0	0	0	0	0	0	0	0	28	0	0	0	52	0	0	0	0	0	0
ASV3382	0	57	0	0	17	0	0	1	0	0	0	0	8	0	0	0	11	0	0	0	1
ASV3474	0	0	0	0	57	0	0	0	0	0	0	0	0	0	0	0	0	81	0	0	0
ASV3480	0	0	0	84	0	0	0	0	46	0	0	0	0	0	0	0	0	0	0	0	1
ASV3494	0	0	0	0	0	0	223	0	0	0	0	0	114	0	0	1320	0	0	0	0	0
ASV3495	0	0	0	0	0	0	516	0	0	135	0	0	0	438	0	873	0	0	0	0	0
ASV3496	0	0	0	0	0	0	0	0	0	0	0	0	0	0	0	875	0	0	0	0	0
ASV3497	0	0	0	0	0	0	0	175	0	0	0	0	0	0	0	738	0	0	0	0	0
ASV3498	0	0	281	0	0	12	0	0	155	0	0	62	0	0	161	662	0	103	0	0	0
ASV3499	0	0	0	0	0	0	0	0	0	0	0	0	0	0	0	645	0	0	0	0	0
ASV3500	0	0	0	0	0	0	0	0	0	0	0	0	169	0	0	573	0	0	0	0	0
ASV3501	0	0	0	0	0	0	0	0	1	0	0	0	0	0	0	436	0	0	0	0	0
ASV3502	0	243	234	0	0	94	594	0	258	297	755	0	235	156	0	403	0	58	0	0	0
ASV3503	0	0	0	0	0	0	0	0	0	0	0	0	0	0	0	382	0	69	0	0	0
ASV3504	69	71	0	163	0	0	0	0	0	0	0	76	0	198	120	338	145	0	0	0	0
ASV3505	0	0	0	0	0	0	0	0	0	43	0	0	0	0	0	277	0	0	0	0	0
ASV3506	79	0	0	0	0	101	195	82	216	77	0	153	51	149	46	279	0	0	0	0	0
ASV3507	0	0	0	123	0	0	0	0	94	157	0	220	0	0	64	259	0	0	0	0	0
ASV3508	0	0	0	0	0	0	0	0	0	0	0	99	0	0	0	224	0	0	0	0	0
ASV3509	0	0	0	0	0	0	0	0	0	0	0	0	0	0	0	235	0	0	0	0	0
ASV3510	0	0	1	0	0	0	0	0	0	0	0	0	0	0	0	179	0	0	0	0	0
ASV3511	0	0	0	0	0	0	0	0	0	0	0	0	0	0	0	173	0	0	0	0	0
ASV3512	0	0	0	0	0	0	0	0	0	0	0	0	0	0	0	169	0	0	0	0	0
ASV3513	0	0	0	0	0	0	0	0	0	0	0	0	0	0	0	168	0	0	0	0	0
ASV3514	0	0	0	0	0	0	0	0	0	0	0	0	0	0	0	180	0	0	0	0	0
ASV3515	0	0	0	0	0	0	0	31	0	0	0	0	0	0	0	165	30	0	0	0	0
ASV3516	0	0	0	0	0	72	0	0	0	0	0	0	0	0	0	155	0	0	0	0	0
ASV3517	0	0	0	0	0	0	0	0	0	0	0	0	0	0	0	149	0	0	0	0	0
ASV3519	0	86	74	0	0	0	0	0	59	28	0	0	0	0	0	140	0	0	0	0	0
ASV3520	0	0	0	0	0	0	0	0	22	0	0	0	0	0	0	141	0	0	0	0	0
ASV3521	0	0	0	0	2	24	7	1	0	0	0	12	1	0	0	132	0	0	0	0	0
ASV3522	0	0	0	0	0	0	0	0	0	0	0	0	0	0	0	136	0	0	0	0	0
ASV3523	0	0	0	0	0	0	0	0	0	0	0	0	0	0	0	126	0	0	0	0	0
ASV3524	0	0	0	97	55	0	0	0	0	0	105	0	0	0	0	117	0	0	0	0	0
ASV3525	0	0	0	0	0	0	0	0	0	0	0	0	0	0	0	109	0	0	0	0	0
ASV3526	0	0	66	0	0	0	0	0	0	0	0	0	0	0	0	114	0	0	0	0	0
ASV3527	0	0	0	0	0	0	0	0	0	0	0	0	0	0	0	109	0	0	0	0	0
ASV3528	0	0	52	0	0	0	0	0	0	0	0	0	0	0	0	112	0	0	0	0	0
ASV3529	0	0	0	0	0	0	0	0	0	0	0	0	0	0	0	100	0	0	0	0	0
ASV3530	0	0	0	0	0	0	0	0	0	0	0	0	0	0	0	98	0	0	0	0	0
ASV3531	0	0	0	0	0	0	56	0	0	0	0	0	38	0	16	90	97	39	0	0	0
ASV3532	0	0	0	0	0	0	57	0	0	0	0	0	0	0	0	95	0	0	0	0	0
ASV3533	0	0	1	0	0	0	0	0	0	0	0	0	0	0	0	87	0	0	0	0	0
ASV3535	0	0	0	0	0	0	0	0	0	0	0	0	0	0	0	81	0	0	0	0	0
ASV3536	0	0	0	0	0	0	0	0	0	0	0	0	0	0	0	61	0	0	0	0	0
ASV3537	0	0	0	0	0	0	0	0	0	0	0	0	0	0	0	62	0	0	0	0	0
ASV3538	0	0	0	0	0	0	0	0	0	0	0	0	0	0	0	59	0	0	0	0	0
ASV3539	0	0	0	0	0	0	0	0	0	0	0	0	0	0	0	59	0	0	0	0	0
ASV3540	0	0	0	0	0	0	0	0	0	0	0	0	0	0	0	59	0	6	0	0	0
ASV3541	0	0	0	0	0	0	0	0	0	0	0	0	0	0	0	61	0	0	0	0	0
ASV3542	0	0	0	0	0	0	0	0	0	0	0	0	0	0	0	54	0	0	0	0	0
ASV3543	59	0	0	55	0	0	39	0	0	0	132	0	0	0	51	50	0	0	0	0	0
ASV3544	0	0	0	0	0	0	0	0	0	0	0	0	0	0	0	52	0	0	0	0	0
ASV3545	0	0	0	0	0	0	0	0	0	0	0	0	0	0	0	38	0	0	0	0	0
ASV3546	0	0	0	0	0	0	0	0	0	0	0	0	0	0	0	39	0	0	0	0	0
ASV3547	0	0	0	0	0	0	0	0	0	0	0	0	0	0	0	34	0	0	0	0	0
ASV3548	20	0	0	24	0	0	0	0	22	0	0	0	0	0	6	34	0	0	0	0	0
ASV3549	0	0	0	0	0	0	0	0	0	0	0	0	0	0	0	30	0	0	0	0	0
ASV3550	76	0	0	39	35	0	0	66	26	0	0	0	0	0	40	37	0	91	0	0	0
ASV3551	14	0	0	0	0	0	0	0	0	0	0	0	0	0	0	22	0	0	0	0	0
ASV3552	0	0	0	0	0	0	0	0	0	0	0	0	0	0	0	21	0	0	0	0	0
ASV3553	0	0	0	0	0	17	0	0	0	3	0	0	0	0	16	25	0	0	0	0	0
ASV3554	0	0	0	0	0	0	0	0	0	0	0	0	0	0	0	18	0	0	0	0	0
ASV3555	0	0	41	15	0	0	0	0	0	0	0	0	0	17	0	21	0	0	0	0	0
ASV3556	0	0	0	0	0	0	0	0	0	0	0	0	0	0	0	14	0	32	0	0	0
ASV3557	0	0	0	0	0	0	0	0	0	0	0	0	0	0	0	14	0	0	0	0	0
ASV3560	0	0	0	0	0	0	0	5	0	0	0	0	0	7	18	9	0	0	0	0	0
ASV3561	0	0	172	0	0	0	0	0	0	0	0	0	90	0	0	10	110	0	0	0	0
ASV3562	0	0	0	71	0	0	0	0	0	0	27	0	0	0	0	7	0	38	0	0	0
ASV3596	0	0	0	0	0	4	0	0	5	0	0	0	39	0	0	5	0	0	0	0	0
ASV3602	268	0	0	0	0	0	0	0	0	131	0	123	0	0	60	3	0	0	0	0	0
ASV3638	0	0	0	12	97	26	0	5	0	0	0	0	13	0	0	3	0	0	0	0	0
ASV3697	0	0	9	0	0	0	0	0	27	0	0	0	13	0	0	0	0	32	0	0	0
ASV3751	0	0	0	160	0	47	0	0	44	0	0	0	104	0	0	1	0	0	0	0	0
ASV3756	0	65	0	0	0	0	0	0	0	23	0	0	0	0	0	1	0	0	0	0	0
ASV3762	125	0	0	0	0	0	274	0	0	0	0	0	0	0	0	1	0	0	0	0	0
ASV3773	1	0	0	53	0	0	0	54	0	0	0	73	5	40	60	1	0	0	0	0	0
ASV3792	0	0	0	0	0	9	0	0	0	0	0	0	0	0	0	1	0	0	0	0	0
ASV3860	0	0	128	0	10	20	0	0	0	0	0	0	0	0	0	0	30	0	0	0	0
ASV3920	0	0	0	0	0	0	0	0	0	0	0	0	0	0	0	0	552	0	0	0	0
ASV3921	0	0	0	0	0	0	0	0	0	144	0	0	0	0	0	0	414	0	0	0	0
ASV3922	0	403	0	0	0	0	0	0	159	0	0	0	0	0	66	0	358	0	0	0	0
ASV3923	190	0	0	0	0	0	0	0	0	0	0	0	0	0	0	0	246	0	0	0	0
ASV3924	0	0	0	0	0	0	0	0	0	0	0	0	0	0	0	0	249	0	0	0	0
ASV3925	0	0	0	0	0	0	0	0	116	0	0	0	0	0	0	0	222	0	0	0	0
ASV3926	82	352	0	364	0	165	32	241	0	243	0	312	78	397	38	0	194	0	0	0	0
ASV3927	193	0	0	0	131	145	470	135	0	0	0	0	0	0	0	0	189	85	0	0	0
ASV3928	0	65	0	0	0	0	0	0	0	0	0	0	0	0	0	0	172	0	0	0	0
ASV3929	0	0	0	0	0	0	0	0	0	0	0	0	0	0	0	0	175	0	0	0	0
ASV3930	0	0	0	0	0	0	0	0	0	0	0	0	0	0	0	0	185	0	0	0	0
ASV3931	0	0	0	0	0	0	171	0	0	222	332	0	0	0	0	0	168	739	0	0	0
ASV3932	0	0	145	0	0	0	0	0	0	0	0	0	25	0	62	0	149	0	0	0	0
ASV3933	0	0	0	0	0	61	0	0	0	0	0	0	0	0	0	0	151	0	0	0	0
ASV3934	0	0	0	0	0	2	0	0	61	0	0	0	78	0	0	0	142	66	0	0	0
ASV3935	0	0	0	0	0	0	0	0	0	0	0	0	0	0	0	0	148	0	0	0	0
ASV3936	0	0	0	0	0	0	0	0	0	0	0	0	0	0	0	0	133	0	0	0	0
ASV3937	1	0	0	0	0	0	0	15	0	47	0	0	0	0	0	0	137	0	0	0	0
ASV3938	52	0	0	0	0	117	0	0	0	0	43	0	0	318	79	0	132	115	0	0	0
ASV3939	0	0	0	0	0	0	0	0	0	0	0	0	57	0	0	0	124	0	0	0	0
ASV3940	0	0	0	0	0	0	0	0	0	35	0	0	0	0	0	0	118	0	0	0	0
ASV3941	0	0	0	0	0	0	0	0	0	0	0	0	0	0	0	0	118	0	0	0	0
ASV3942	0	0	0	0	0	0	0	0	0	0	0	0	0	0	0	0	125	0	0	0	0
ASV3943	0	0	0	0	0	0	0	0	0	0	0	0	0	0	0	0	115	0	0	0	0
ASV3944	0	0	0	0	0	0	0	0	0	0	0	0	0	0	0	0	107	0	0	0	0
ASV3945	0	0	0	0	0	0	0	0	0	0	0	0	0	0	0	0	118	0	0	0	0
ASV3946	0	0	0	0	0	0	0	0	0	0	0	0	0	0	0	0	106	0	0	0	0
ASV3947	1	0	1	0	49	31	40	0	0	0	0	30	0	0	18	0	115	0	0	0	0
ASV3948	50	112	0	0	0	0	0	137	48	64	0	0	101	137	96	0	102	57	0	0	0
ASV3949	0	0	0	0	0	0	0	0	0	0	0	0	15	0	0	0	117	0	0	0	0
ASV3950	106	430	0	0	0	221	291	172	0	92	0	393	0	278	105	0	112	0	0	0	0
ASV3951	0	0	0	0	0	0	0	0	0	0	0	0	0	0	0	0	117	0	0	0	0
ASV3952	0	0	0	0	0	0	0	0	0	0	0	0	0	0	0	0	103	0	0	0	0
ASV3953	0	0	0	0	0	0	0	0	0	0	0	0	0	0	0	0	88	0	0	0	0
ASV3954	0	0	0	0	0	0	0	0	0	0	0	0	0	0	63	0	108	0	0	0	0
ASV3955	0	98	0	0	0	0	0	0	86	0	0	0	0	0	0	0	102	0	0	0	0
ASV3956	0	0	0	0	34	0	0	0	32	19	0	0	38	0	0	0	92	0	0	0	0
ASV3957	0	0	136	172	149	0	0	124	91	0	0	0	0	0	0	0	83	175	0	0	0
ASV3958	0	0	0	0	0	0	0	0	0	0	0	0	0	0	0	0	88	0	0	0	0
ASV3959	0	0	0	0	0	0	0	195	0	1	0	0	0	1	0	0	91	0	0	0	0
ASV3960	0	0	0	0	0	0	0	0	0	0	0	0	0	0	0	0	88	0	0	0	0
ASV3961	0	0	0	0	122	0	0	0	0	0	0	0	0	0	0	0	90	0	0	0	0
ASV3962	0	0	0	0	36	0	55	0	0	0	0	0	0	0	0	0	87	0	0	0	0
ASV3963	0	0	0	0	0	0	0	0	0	0	0	0	0	0	0	0	71	0	0	0	0
ASV3964	46	0	0	106	0	0	78	149	0	35	0	0	94	0	0	0	80	0	0	0	0
ASV3965	0	0	0	71	0	0	0	0	0	0	0	0	0	0	0	0	86	0	0	0	0
ASV3966	0	32	0	0	22	0	0	0	0	0	0	0	32	0	0	0	70	0	0	0	0
ASV3967	0	0	0	0	0	0	0	0	0	0	0	0	0	0	0	0	76	0	0	0	0
ASV3968	0	0	0	0	0	0	0	0	0	0	0	0	0	0	0	0	65	0	0	0	0
ASV3969	0	0	1	0	0	0	0	0	0	0	0	0	23	9	0	0	71	0	0	0	0
ASV3970	19	0	0	0	0	0	0	0	1	0	0	0	0	0	0	0	78	0	0	0	0
ASV3971	0	0	0	0	0	0	0	0	0	0	0	0	0	0	0	0	74	0	0	0	0
ASV3972	0	0	0	0	0	0	0	0	0	0	0	0	0	0	0	0	68	0	0	0	0
ASV3973	0	0	0	0	0	0	212	0	0	0	0	0	0	0	21	0	70	113	0	0	0
ASV3974	0	0	0	0	0	0	0	0	0	0	0	0	0	0	0	0	69	0	0	0	0
ASV3975	0	0	0	0	0	0	0	0	0	0	0	0	0	0	0	0	61	0	0	0	0
ASV3976	0	0	0	0	0	0	0	0	0	0	280	0	50	0	0	0	74	0	0	0	0
ASV3977	0	0	0	0	0	56	0	0	157	0	0	0	48	0	0	0	59	0	0	0	0
ASV3978	0	0	0	0	65	18	0	0	0	21	0	0	0	0	0	0	67	0	0	0	0
ASV3979	0	0	0	0	0	0	0	0	0	0	0	0	0	0	0	0	63	0	0	0	0
ASV3980	0	0	0	0	0	0	0	0	0	0	0	0	0	0	0	0	64	0	0	0	0
ASV3981	48	0	0	0	0	0	0	0	0	0	0	0	0	0	0	0	59	0	0	0	0
ASV3982	0	0	0	0	0	0	0	0	0	0	0	0	0	0	0	0	54	0	0	0	0
ASV3983	0	0	0	0	0	0	0	0	0	0	0	0	0	0	0	0	62	0	0	0	0
ASV3984	0	0	0	0	0	0	0	0	0	0	0	0	0	0	4	0	60	0	0	0	0
ASV3985	0	0	0	0	0	0	0	0	0	0	0	0	0	0	0	0	61	0	0	0	0
ASV3986	0	0	0	0	0	0	0	0	0	0	0	0	0	0	0	0	56	0	0	0	0
ASV3987	14	0	0	0	20	0	0	0	0	8	0	0	2	0	0	0	56	0	0	0	0
ASV3988	41	257	53	126	157	114	51	37	133	86	0	77	91	50	70	0	55	145	0	0	0
ASV3989	0	0	0	0	0	0	0	0	0	0	0	0	0	0	0	0	52	0	0	0	0
ASV3990	0	0	0	0	0	0	0	0	0	0	0	0	0	0	0	0	60	0	0	0	0
ASV3991	0	0	0	0	7	0	0	5	0	0	0	0	0	0	0	0	45	0	0	0	0
ASV3992	0	7	0	0	1	0	0	0	0	0	0	0	0	0	0	0	50	0	0	0	0
ASV3993	0	0	0	0	56	14	0	0	0	0	0	76	25	0	0	0	45	65	0	0	0
ASV3994	28	0	0	0	0	22	0	0	0	0	0	0	0	0	51	0	41	0	0	0	0
ASV3996	0	0	0	0	0	0	0	0	0	0	0	0	0	0	0	0	46	0	0	0	0
ASV3997	0	0	0	2	0	0	0	0	8	0	0	0	11	0	2	0	44	0	0	0	0
ASV3998	0	0	0	0	0	0	0	0	0	0	0	0	0	0	0	0	42	0	0	0	0
ASV3999	0	0	0	0	0	0	0	0	0	0	0	0	0	0	0	0	46	0	0	0	0
ASV4000	0	0	0	0	0	0	0	0	0	0	0	0	0	0	0	0	43	0	0	0	0
ASV4001	49	0	0	0	0	0	124	0	0	0	0	0	0	0	0	0	35	39	0	0	0
ASV4002	0	0	0	0	0	0	0	0	0	0	0	0	0	0	0	0	38	0	0	0	0
ASV4003	0	0	0	0	0	0	0	0	0	0	0	0	0	0	0	0	39	0	0	0	0
ASV4004	0	0	0	0	0	0	0	0	0	0	0	0	0	0	0	0	39	0	0	0	0
ASV4005	0	0	0	0	0	0	0	0	0	0	0	0	0	0	0	0	37	0	0	0	0
ASV4006	0	11	0	37	16	4	0	0	13	0	0	0	18	0	0	0	39	0	0	0	0
ASV4007	0	0	0	0	0	0	0	0	0	0	0	0	0	0	0	0	30	0	0	0	0
ASV4008	0	0	0	0	0	0	0	0	0	0	0	0	0	0	0	0	34	0	0	0	0
ASV4009	0	0	0	0	23	0	22	0	0	16	0	0	30	94	0	0	31	0	0	0	0
ASV4010	0	0	0	0	0	0	0	0	0	0	0	0	0	0	0	0	38	0	0	0	0
ASV4011	73	0	0	0	17	0	0	52	0	79	0	0	0	0	0	0	33	0	0	0	0
ASV4012	0	0	0	0	0	0	0	0	0	0	0	0	0	0	0	0	32	0	0	0	0
ASV4013	0	0	0	0	0	0	0	0	0	0	0	0	0	0	0	0	31	0	0	0	0
ASV4014	50	181	0	0	0	0	0	0	0	0	0	0	0	0	17	0	19	1	0	0	0
ASV4015	0	0	0	0	0	0	0	8	24	13	0	31	0	0	0	0	39	0	0	0	0
ASV4016	6	0	0	0	0	0	0	0	0	0	0	0	0	0	0	0	34	0	0	0	0
ASV4017	0	0	0	0	0	0	0	0	0	0	0	29	0	0	0	0	26	18	0	0	0
ASV4019	0	0	0	53	12	10	0	0	0	0	0	0	0	48	0	0	27	0	0	0	0
ASV4020	0	0	0	0	0	0	0	0	0	0	0	0	0	0	0	0	25	0	0	0	0
ASV4021	0	0	0	0	0	0	0	0	0	0	0	0	0	0	0	0	24	0	0	0	0
ASV4022	0	0	0	0	0	0	0	0	0	0	0	0	0	0	0	0	29	0	0	0	0
ASV4023	0	0	11	0	0	0	0	0	0	0	0	0	0	0	0	0	22	0	0	0	0
ASV4024	0	0	0	0	0	0	0	0	0	0	0	0	0	0	0	0	23	0	0	0	0
ASV4025	0	0	46	0	0	0	0	0	0	0	0	0	0	0	0	0	23	0	0	0	0
ASV4026	0	12	0	26	13	0	0	0	4	0	0	0	0	0	2	0	18	4	0	0	0
ASV4027	110	0	0	11	29	9	0	0	53	0	0	21	20	56	37	0	20	1	0	0	0
ASV4028	13	0	0	0	25	0	0	15	0	41	0	24	17	0	0	0	23	13	0	0	0
ASV4031	4	0	0	0	0	0	0	0	0	2	0	0	3	0	0	0	21	0	0	0	0
ASV4032	0	0	0	26	0	0	0	9	0	0	0	0	17	0	0	0	13	0	0	0	0
ASV4033	0	0	6	0	0	0	0	0	9	0	0	0	0	0	0	0	16	0	0	0	0
ASV4034	0	0	0	0	0	0	0	0	0	0	0	0	0	0	0	0	22	0	0	0	0
ASV4035	0	0	25	0	0	0	0	0	0	0	0	0	0	0	0	0	19	0	0	0	0
ASV4036	0	0	0	0	0	0	0	0	0	0	0	3	0	0	0	0	16	0	0	0	0
ASV4037	0	0	0	0	0	0	0	0	0	0	0	0	0	0	0	0	9	0	0	0	0
ASV4038	0	0	0	0	0	0	0	0	0	0	0	0	0	0	0	0	17	0	0	0	0
ASV4039	0	0	0	0	0	0	0	0	0	0	158	0	0	0	0	0	16	0	0	0	0
ASV4041	0	0	0	0	0	116	0	0	0	0	0	0	0	75	0	0	14	0	0	0	0
ASV4042	0	0	0	0	10	15	0	9	0	7	0	0	0	0	9	0	11	0	0	0	0
ASV4043	0	0	0	0	0	0	0	0	0	0	0	0	0	0	0	0	14	0	0	0	0
ASV4045	0	0	0	0	0	0	0	0	33	0	0	102	0	0	0	0	9	0	0	0	0
ASV4046	0	0	0	82	0	0	0	0	0	0	0	78	0	0	0	0	12	32	0	0	0
ASV4047	58	0	27	0	12	2	0	0	0	0	0	0	0	0	0	0	11	0	0	0	0
ASV4048	67	0	0	0	0	0	0	170	0	1	0	34	14	0	25	0	13	6	0	0	0
ASV4049	91	0	0	0	0	0	0	28	17	0	0	0	11	0	0	0	11	0	0	0	0
ASV4050	0	0	0	0	0	0	25	0	27	10	0	0	0	0	61	0	11	0	0	0	0
ASV4051	27	0	0	0	0	0	0	0	5	0	0	0	51	0	0	0	11	0	0	0	0
ASV4054	0	0	0	0	0	0	0	0	0	0	15	0	0	0	0	0	12	0	0	0	0
ASV4059	0	4	6	0	4	0	0	0	0	5	0	3	0	0	0	0	9	0	0	0	0
ASV4064	3	6	0	0	0	0	0	0	16	50	0	0	0	0	0	0	9	2	0	0	0
ASV4072	0	0	0	0	100	109	1	44	0	0	0	0	0	0	0	0	5	0	0	0	0
ASV4073	0	1	0	0	0	0	0	0	0	1	0	0	0	70	0	0	5	0	0	0	0
ASV4075	33	38	0	0	12	8	0	0	0	8	0	0	0	0	0	0	7	0	0	0	0
ASV4076	14	0	0	0	0	0	0	0	0	0	0	0	0	0	0	0	5	0	0	0	0
ASV4086	0	20	0	0	0	0	0	0	0	0	0	0	0	0	0	0	5	0	0	0	0
ASV4091	0	0	0	0	0	0	0	0	0	0	0	0	0	55	0	0	5	0	0	0	0
ASV4103	0	0	37	0	0	0	0	0	0	0	0	0	0	0	0	0	2	0	0	0	0
ASV4190	72	37	0	0	0	0	0	0	0	0	0	0	31	0	48	0	2	0	0	0	0
ASV4194	0	1	0	3	0	0	0	0	151	0	0	0	0	0	0	0	2	0	0	0	0
ASV4195	0	0	0	0	0	0	0	0	2	0	0	0	11	0	56	0	2	0	0	0	0
ASV4196	39	0	0	0	0	0	0	0	0	0	0	0	0	0	0	0	2	0	0	0	0
ASV4256	0	0	0	2	0	0	38	0	8	0	0	0	0	0	0	0	2	0	0	0	0
ASV4324	0	0	179	0	0	0	0	0	0	0	0	0	0	0	0	0	0	0	0	0	0
ASV4326	3	176	0	0	4	9	1	0	0	96	0	0	8	28	84	0	1	3	0	0	0
ASV4358	0	0	0	0	118	3	0	0	0	173	0	0	0	0	0	0	0	0	0	0	0
ASV4500	0	0	0	0	0	0	0	0	0	0	0	0	0	0	0	0	1	86	0	0	0
ASV4516	0	0	15	0	0	0	0	0	0	0	0	0	0	25	0	0	0	0	0	0	0
ASV4610	0	1	0	339	2	172	0	0	0	18	0	0	0	0	0	0	0	0	0	0	0
ASV4611	0	0	0	298	0	0	0	0	0	0	0	0	0	0	0	0	0	0	0	0	0
ASV4612	0	0	0	298	0	0	0	0	0	0	0	0	54	0	0	0	0	0	0	0	0
ASV4613	0	0	0	302	0	0	0	0	0	0	0	0	0	0	0	0	0	0	0	0	0
ASV4614	0	0	0	288	0	0	0	0	0	0	0	0	0	118	0	0	0	0	0	0	0
ASV4615	0	0	0	302	0	0	0	0	0	0	0	0	0	0	0	0	0	0	0	0	0
ASV4616	0	0	0	265	0	0	0	0	0	0	0	0	0	0	0	0	0	0	0	0	0
ASV4617	0	0	0	263	0	0	0	0	0	0	0	0	0	0	0	0	0	0	0	0	0
ASV4618	0	0	0	251	0	0	0	0	0	0	0	0	0	0	0	0	0	0	0	0	0
ASV4619	0	0	0	231	0	0	0	0	0	0	0	0	0	0	0	0	0	0	0	0	0
ASV4620	0	0	0	214	0	0	0	0	0	0	0	393	0	214	109	0	0	0	0	0	0
ASV4621	0	98	0	204	0	0	0	0	0	0	0	0	0	186	0	0	0	0	0	0	0
ASV4622	0	120	0	194	0	0	203	0	0	0	0	0	0	0	0	0	0	0	0	0	0
ASV4623	0	0	0	179	0	0	0	0	0	0	0	0	0	0	0	0	0	0	0	0	0
ASV4624	0	0	0	167	0	0	0	0	0	0	0	0	0	0	0	0	0	0	0	0	0
ASV4625	77	0	93	174	0	0	0	0	0	0	0	89	117	131	0	0	0	0	0	0	0
ASV4626	0	0	213	177	1	0	0	148	1	229	0	0	155	0	0	0	0	0	0	0	0
ASV4627	0	0	0	170	0	0	0	0	0	0	0	0	0	0	0	0	0	0	0	0	0
ASV4628	0	0	0	157	0	0	0	0	0	0	0	0	0	0	0	0	0	0	0	0	0
ASV4629	0	0	28	162	0	46	0	26	0	30	0	99	29	0	26	0	0	0	0	0	0
ASV4630	0	0	0	141	17	0	0	0	0	0	0	0	0	44	16	0	0	0	0	0	0
ASV4631	0	0	0	153	40	0	0	58	0	0	0	0	0	0	0	0	0	0	0	0	0
ASV4632	0	0	0	148	38	0	0	0	0	0	0	0	0	0	0	0	0	0	0	0	0
ASV4633	0	0	0	152	0	0	0	0	0	0	0	0	0	0	0	0	0	0	0	0	0
ASV4634	0	0	0	135	0	0	0	0	0	0	0	0	0	0	0	0	0	0	0	0	0
ASV4635	0	0	0	131	0	0	0	0	0	0	0	0	0	0	0	0	0	0	0	0	0
ASV4636	0	0	0	113	0	0	0	0	0	0	0	0	0	0	38	0	0	0	0	0	0
ASV4637	0	0	0	107	0	0	0	0	0	0	0	0	0	0	0	0	0	0	0	0	0
ASV4638	0	0	0	112	0	0	0	62	0	0	0	0	0	0	0	0	0	172	0	0	0
ASV4639	0	0	0	115	0	0	0	0	0	0	0	0	0	0	0	0	0	0	0	0	0
ASV4640	0	0	0	117	0	0	0	0	0	0	0	0	0	0	0	0	0	0	0	0	0
ASV4641	0	0	0	114	0	0	0	0	0	0	0	0	0	0	0	0	0	0	0	0	0
ASV4642	0	0	0	109	0	0	0	0	0	0	0	0	0	0	0	0	0	0	0	0	0
ASV4643	0	0	0	114	56	24	0	55	0	0	306	20	0	0	33	0	0	64	0	0	0
ASV4644	0	0	0	111	0	0	0	0	0	0	0	0	0	0	0	0	0	0	0	0	0
ASV4645	79	0	0	91	0	0	123	0	2	0	0	0	0	0	0	0	0	231	0	0	0
ASV4646	0	0	0	98	0	0	0	59	0	0	0	0	0	0	0	0	0	0	0	0	0
ASV4647	0	0	0	98	0	0	0	0	0	0	0	0	0	0	0	0	0	0	0	0	0
ASV4648	0	0	0	104	0	0	0	0	0	0	0	0	0	0	0	0	0	0	0	0	0
ASV4649	0	78	0	97	0	0	0	0	0	0	0	0	0	0	0	0	0	0	0	0	0
ASV4650	0	0	0	95	47	0	161	0	9	0	0	102	0	0	0	0	0	0	0	0	0
ASV4651	0	0	0	91	0	0	0	0	0	0	0	0	0	0	0	0	0	0	0	0	0
ASV4652	0	0	0	86	94	0	0	228	0	1	0	0	0	0	0	0	0	0	0	0	0
ASV4653	0	0	0	82	0	0	0	0	0	0	0	0	0	0	0	0	0	0	0	0	0
ASV4654	0	0	0	82	0	0	0	0	0	0	0	0	0	0	0	0	0	0	0	0	0
ASV4655	144	60	0	87	0	0	0	0	0	1	0	0	0	0	0	0	0	0	0	0	0
ASV4656	0	0	0	94	0	0	0	0	0	0	0	0	0	0	0	0	0	0	0	0	0
ASV4657	0	0	43	73	0	0	0	0	0	0	0	0	0	0	0	0	0	0	0	0	0
ASV4658	0	0	56	89	53	0	0	0	73	32	0	0	0	0	5	0	0	0	0	0	0
ASV4659	0	0	0	82	0	0	0	0	0	0	0	108	11	0	0	0	0	0	0	0	0
ASV4660	0	0	0	81	0	0	0	0	0	0	0	0	0	0	0	0	0	0	0	0	0
ASV4661	0	0	0	69	0	0	0	0	0	0	0	0	0	0	0	0	0	0	0	0	0
ASV4662	0	0	0	70	89	0	0	0	0	0	0	69	0	0	0	0	0	0	0	0	0
ASV4663	0	0	0	78	0	0	106	0	0	0	0	0	0	0	0	0	0	0	0	0	0
ASV4664	0	0	0	64	0	0	0	0	0	0	0	0	0	0	0	0	0	0	0	0	0
ASV4665	0	0	0	53	0	11	0	84	0	0	0	0	0	0	0	0	0	120	0	0	0
ASV4666	59	0	0	57	2	0	0	57	61	0	0	120	0	0	0	0	0	0	0	0	0
ASV4667	0	0	0	42	83	0	0	0	0	0	0	0	29	0	0	0	0	0	0	0	0
ASV4668	0	55	0	53	0	0	0	30	0	0	0	0	0	72	0	0	0	0	0	0	0
ASV4669	0	0	0	61	64	0	0	18	28	0	0	0	0	0	56	0	0	0	0	0	0
ASV4670	0	0	0	54	0	0	0	0	0	0	0	0	0	0	0	0	0	0	0	0	0
ASV4671	0	0	0	58	0	0	0	0	0	0	0	0	0	0	0	0	0	0	0	0	0
ASV4672	0	0	0	48	41	0	66	0	0	0	0	0	0	30	0	0	0	0	0	0	0
ASV4673	0	0	0	47	0	0	0	0	0	0	0	0	0	0	0	0	0	0	0	0	0
ASV4674	0	0	0	38	0	0	0	0	0	0	0	0	0	0	0	0	0	0	0	0	0
ASV4675	0	0	0	46	0	0	0	0	0	0	0	0	0	0	0	0	0	0	0	0	0
ASV4676	11	0	0	44	16	30	0	0	0	0	0	0	0	0	0	0	0	0	0	0	0
ASV4677	0	0	0	35	0	0	0	0	0	0	0	0	0	0	0	0	0	0	0	0	0
ASV4678	0	0	0	41	0	21	72	0	0	0	0	0	0	0	0	0	0	0	0	0	0
ASV4679	0	0	0	43	0	0	0	0	0	6	0	0	0	0	0	0	0	0	0	0	0
ASV4680	0	0	0	40	0	0	0	0	0	0	0	0	0	0	0	0	0	0	0	0	0
ASV4681	0	0	0	39	0	0	0	0	0	0	0	0	0	0	0	0	0	0	0	0	0
ASV4682	0	0	0	37	0	0	0	0	0	0	0	0	0	0	0	0	0	0	0	0	0
ASV4683	0	0	0	31	0	0	0	0	0	0	0	0	0	0	0	0	0	0	0	0	0
ASV4684	0	0	0	42	0	36	0	0	0	50	88	48	0	0	0	0	0	0	0	0	0
ASV4685	0	0	0	32	0	0	0	0	0	61	0	0	0	0	0	0	0	0	0	0	0
ASV4686	0	0	0	37	0	0	0	0	0	0	0	0	0	0	0	0	0	0	0	0	0
ASV4687	0	29	0	34	15	0	0	0	109	9	0	0	0	0	0	0	0	0	0	0	0
ASV4688	0	0	0	35	0	0	0	0	0	0	0	0	0	0	0	0	0	0	0	0	0
ASV4689	0	0	0	30	0	0	0	0	0	0	0	0	0	0	0	0	0	0	0	0	0
ASV4690	0	0	0	40	0	13	0	0	0	71	0	0	0	0	0	0	0	38	0	0	0
ASV4691	0	0	0	40	0	0	0	0	0	0	0	0	0	0	0	0	0	0	0	0	0
ASV4692	0	0	0	36	0	0	0	0	0	0	0	0	0	0	0	0	0	0	0	0	0
ASV4693	71	0	0	25	20	0	24	0	0	0	0	0	0	0	0	0	0	0	0	0	0
ASV4696	0	0	0	30	37	14	0	0	0	0	0	44	0	0	0	0	0	0	0	0	0
ASV4697	0	0	0	29	0	0	0	0	0	0	0	0	0	0	0	0	0	0	0	0	0
ASV4698	0	0	0	26	0	0	0	0	0	0	0	0	0	0	0	0	0	0	0	0	0
ASV4699	0	0	0	31	0	0	0	0	0	0	0	0	0	0	0	0	0	0	0	0	0
ASV4700	0	0	0	27	0	0	0	0	0	0	0	0	0	0	0	0	0	0	0	0	0
ASV4701	0	0	16	25	0	0	0	0	5	0	0	0	0	0	0	0	0	0	0	0	0
ASV4702	0	0	0	24	0	0	0	0	4	8	0	0	0	0	4	0	0	24	0	0	0
ASV4704	0	0	0	22	0	0	0	0	0	0	0	0	0	0	0	0	0	0	0	0	0
ASV4707	0	0	0	22	0	0	0	0	0	0	0	0	0	0	0	0	0	0	0	0	0
ASV4708	25	0	0	18	0	0	0	0	0	0	0	0	0	0	0	0	0	0	0	0	0
ASV4709	0	0	0	22	0	0	0	0	0	0	0	0	38	0	0	0	0	17	0	0	0
ASV4710	0	0	0	21	0	0	0	0	0	0	0	0	0	0	0	0	0	0	0	0	0
ASV4711	0	0	0	23	0	0	0	0	0	0	0	0	0	0	0	0	0	0	0	0	0
ASV4712	0	0	0	20	0	0	0	0	0	0	0	0	0	0	0	0	0	0	0	0	0
ASV4713	0	0	0	16	0	0	0	0	0	0	0	0	0	0	0	0	0	0	0	0	0
ASV4715	0	0	38	17	0	19	0	27	0	0	0	30	25	12	39	0	0	37	0	0	0
ASV4716	0	42	0	20	0	0	0	0	0	0	0	0	0	0	0	0	0	0	0	0	0
ASV4717	0	0	0	21	0	0	0	0	0	0	0	0	0	0	0	0	0	0	0	0	0
ASV4720	0	0	0	15	0	0	0	0	0	0	0	0	0	0	0	0	0	0	0	0	0
ASV4721	0	0	0	15	0	0	0	0	0	0	0	0	0	0	0	0	0	0	0	0	0
ASV4722	0	0	0	16	0	0	0	0	0	0	0	0	0	0	0	0	0	0	0	0	0
ASV4723	0	0	0	14	0	0	0	0	0	0	0	9	0	0	0	0	0	0	0	0	0
ASV4724	0	0	0	12	0	0	0	0	0	0	0	0	0	0	0	0	0	0	0	0	0
ASV4725	0	0	0	14	0	0	0	16	0	0	119	0	17	0	0	0	0	0	0	0	0
ASV4726	0	0	0	19	0	0	0	0	0	0	0	0	0	0	0	0	0	0	0	0	0
ASV4729	0	0	0	10	0	0	0	0	0	0	0	0	0	0	0	0	0	0	0	0	0
ASV4730	0	0	0	14	0	1	0	0	0	0	0	0	0	0	0	0	0	0	0	0	0
ASV4735	0	0	0	12	0	0	0	0	0	0	0	11	0	0	0	0	0	0	0	0	0
ASV4736	0	0	0	4	0	0	0	41	0	12	0	0	0	0	0	0	0	12	0	0	0
ASV4737	0	0	0	8	0	0	0	0	0	3	0	0	0	0	0	0	0	0	0	0	0
ASV4740	0	0	0	4	0	4	0	0	0	0	0	0	0	0	0	0	0	0	0	0	0
ASV4742	7	0	0	7	0	0	0	0	0	6	0	0	0	0	0	0	0	27	0	0	0
ASV4746	0	0	0	9	0	3	0	5	0	0	175	0	8	0	5	0	0	0	0	0	0
ASV4760	0	0	0	5	4	15	0	0	1	0	0	0	0	0	0	0	0	0	0	0	0
ASV4763	0	0	0	3	0	37	0	0	30	0	0	38	25	0	46	0	0	0	0	0	0
ASV4780	3	0	8	3	4	7	0	0	2	4	0	1	0	3	0	0	0	0	0	0	0
ASV4788	0	0	0	2	0	0	0	0	0	0	0	0	11	0	0	0	0	0	0	0	0
ASV4799	0	0	0	3	12	0	0	2	0	1	0	0	23	0	0	0	0	0	0	0	0
ASV4830	0	0	0	2	0	0	0	0	0	78	0	0	20	0	0	0	0	0	0	0	0
ASV4831	0	0	0	3	7	4	0	0	13	0	0	0	0	0	0	0	0	0	0	0	0
ASV4885	0	8	0	2	0	4	3	0	0	0	0	0	0	0	0	0	0	0	0	0	0
ASV5063	0	0	0	1	0	0	0	0	0	0	0	30	0	0	0	0	0	0	0	0	0
ASV5099	0	3	0	1	9	0	0	0	0	0	0	0	0	0	0	0	0	0	0	0	0
ASV5191	105	0	0	0	0	45	0	0	0	0	0	0	0	0	0	0	0	0	0	0	0
ASV5199	20	0	0	0	0	0	0	152	42	49	0	1	0	118	0	0	0	0	0	0	0
ASV5201	0	0	0	0	0	53	0	0	0	0	0	0	0	0	0	0	0	0	0	0	0
ASV5207	0	0	0	1	0	0	0	97	0	0	0	0	31	0	0	0	0	0	0	0	0
ASV5588	0	0	0	0	220	0	0	0	0	0	0	0	0	0	0	0	0	171	0	0	0
ASV5589	0	0	0	0	126	0	0	0	0	0	0	0	0	0	0	0	0	0	0	0	0
ASV5590	92	0	0	0	124	0	0	0	0	0	0	0	0	0	0	0	0	0	0	0	0
ASV5591	0	0	1	0	101	65	0	0	0	0	0	82	0	88	25	0	0	0	0	0	0
ASV5592	0	0	0	0	99	0	0	0	16	0	0	63	0	0	79	0	0	164	0	0	0
ASV5593	0	0	0	0	107	111	0	0	79	0	0	0	43	0	0	0	0	31	0	0	0
ASV5594	0	0	0	0	100	0	0	0	0	0	0	0	0	0	0	0	0	0	0	0	0
ASV5595	0	0	0	0	102	0	0	0	0	0	0	0	0	123	0	0	0	0	0	0	0
ASV5596	57	0	55	0	87	0	0	36	135	0	0	0	32	0	0	0	0	42	0	0	0
ASV5597	0	0	0	0	91	0	0	0	0	0	0	0	0	0	0	0	0	0	0	0	0
ASV5598	0	0	0	0	74	0	0	0	0	0	0	0	0	0	0	0	0	0	0	0	0
ASV5599	0	0	0	0	88	0	3	0	0	0	0	0	0	0	0	0	0	0	0	0	0
ASV5600	0	0	0	0	81	84	89	96	30	46	0	0	32	0	0	0	0	185	0	0	0
ASV5601	0	0	0	0	77	0	0	90	0	0	0	0	0	0	0	0	0	0	0	0	0
ASV5602	0	0	0	0	82	0	0	0	0	0	0	0	0	0	0	0	0	0	0	0	0
ASV5603	0	0	0	0	80	0	0	0	0	0	0	0	0	0	0	0	0	0	0	0	0
ASV5604	0	0	0	0	73	147	0	0	0	0	0	88	0	0	0	0	0	0	0	0	0
ASV5605	0	0	0	0	82	0	0	0	0	0	0	0	0	0	0	0	0	0	0	0	0
ASV5606	0	0	0	0	68	0	0	0	0	0	0	1	0	0	0	0	0	0	0	0	0
ASV5607	0	0	0	0	74	0	0	0	0	0	0	0	0	39	0	0	0	67	0	0	0
ASV5608	0	0	0	0	71	0	0	0	0	0	0	0	0	0	0	0	0	0	0	0	0
ASV5609	0	0	0	0	75	0	154	0	71	0	0	0	0	0	0	0	0	0	0	0	0
ASV5610	0	0	0	0	56	0	0	0	0	0	0	0	0	0	0	0	0	0	0	0	0
ASV5611	0	0	0	0	68	0	0	0	0	0	0	0	0	0	0	0	0	0	0	0	0
ASV5612	27	0	0	0	74	0	0	0	0	0	0	0	12	0	0	0	0	0	0	0	0
ASV5613	0	0	0	0	55	0	0	0	45	0	0	0	0	0	0	0	0	0	0	0	0
ASV5614	0	0	0	0	66	0	0	0	0	0	0	0	0	0	0	0	0	0	0	0	0
ASV5615	0	0	0	0	61	0	0	0	0	0	0	0	0	0	0	0	0	0	0	0	0
ASV5616	0	0	62	0	72	0	0	52	57	64	0	0	93	0	79	0	0	50	0	0	0
ASV5617	0	0	0	0	69	0	0	0	0	0	0	0	0	0	0	0	0	0	0	0	0
ASV5618	0	0	0	0	62	0	0	0	0	0	0	0	0	0	0	0	0	0	0	0	0
ASV5619	0	0	0	0	53	118	0	0	0	0	0	0	32	0	0	0	0	0	0	0	0
ASV5620	0	0	0	0	59	0	0	0	117	70	0	0	0	0	1	0	0	0	0	0	0
ASV5621	0	0	0	0	57	0	0	0	0	0	0	0	0	0	0	0	0	0	0	0	0
ASV5622	0	0	46	0	56	0	0	0	0	0	0	0	0	0	0	0	0	0	0	0	0
ASV5623	0	0	0	0	51	0	0	0	0	0	0	0	0	0	0	0	0	0	0	0	0
ASV5624	20	0	0	0	53	0	25	0	0	0	0	0	0	0	0	0	0	0	0	0	0
ASV5625	0	0	0	0	55	0	0	0	0	0	0	0	26	0	15	0	0	0	0	0	0
ASV5626	0	0	0	0	47	0	0	49	0	93	0	0	65	0	0	0	0	0	0	0	0
ASV5627	0	0	0	0	49	0	0	30	0	0	0	0	0	0	0	0	0	0	0	0	0
ASV5628	0	0	0	0	45	0	0	146	0	0	0	0	107	0	58	0	0	0	0	0	0
ASV5629	80	0	0	0	58	11	62	129	0	0	0	41	84	0	0	0	0	0	0	0	0
ASV5630	0	0	0	0	46	0	0	0	0	0	0	0	0	0	0	0	0	0	0	0	0
ASV5631	0	0	0	0	42	0	0	0	0	19	0	0	0	0	0	0	0	0	0	0	0
ASV5632	0	0	0	0	47	0	0	0	0	0	0	0	0	0	0	0	0	0	0	0	0
ASV5633	0	0	0	0	43	0	0	0	0	0	0	0	0	0	0	0	0	0	0	0	0
ASV5634	0	0	0	0	40	0	0	0	0	0	0	0	0	0	0	0	0	0	0	0	0
ASV5635	0	0	0	0	49	36	0	34	0	0	0	71	0	0	0	0	0	0	0	0	0
ASV5636	0	0	0	0	43	0	0	0	0	0	0	0	0	0	0	0	0	39	0	0	0
ASV5637	0	0	0	0	42	0	92	0	0	0	0	0	0	0	0	0	0	0	0	0	0
ASV5638	0	0	0	0	44	0	0	0	0	0	0	0	0	0	0	0	0	0	0	0	0
ASV5639	0	0	0	0	42	0	0	0	0	0	0	0	0	0	0	0	0	0	0	0	0
ASV5640	0	0	0	0	42	0	0	0	0	0	0	0	0	0	20	0	0	0	0	0	0
ASV5641	30	97	0	0	40	33	0	0	0	0	0	0	0	0	0	0	0	0	0	0	0
ASV5642	0	0	0	0	40	0	0	0	0	0	0	0	0	0	0	0	0	0	0	0	0
ASV5643	0	0	0	0	39	0	0	36	27	0	0	154	0	0	0	0	0	0	0	0	0
ASV5644	0	0	0	0	39	0	0	0	0	0	0	0	0	0	0	0	0	0	0	0	0
ASV5645	0	0	0	0	45	0	0	0	0	0	0	0	0	0	0	0	0	0	0	0	0
ASV5646	0	0	0	0	42	0	0	0	72	41	0	0	0	0	0	0	0	0	0	0	0
ASV5647	10	0	0	0	38	6	0	110	0	0	0	0	0	0	0	0	0	0	0	0	0
ASV5648	0	0	0	0	39	0	0	0	0	0	0	0	0	0	0	0	0	0	0	0	0
ASV5649	0	0	0	0	39	0	0	0	0	0	0	0	0	61	0	0	0	0	0	0	0
ASV5650	0	0	0	0	41	0	0	0	0	0	0	0	0	0	0	0	0	0	0	0	0
ASV5651	0	0	0	0	31	0	0	0	0	0	0	0	0	0	0	0	0	0	0	0	0
ASV5652	0	90	138	0	38	64	0	0	18	44	447	0	72	0	0	0	0	0	0	0	0
ASV5653	0	0	0	0	35	0	351	0	88	0	0	32	0	0	75	0	0	96	0	0	0
ASV5654	0	0	0	0	33	0	0	0	0	0	0	0	50	0	0	0	0	91	0	0	0
ASV5655	0	0	0	0	31	0	52	0	0	0	0	36	0	51	13	0	0	0	0	0	0
ASV5656	0	0	0	0	35	0	0	0	0	0	0	0	0	0	0	0	0	0	0	0	0
ASV5657	0	0	0	0	32	0	0	0	0	0	0	0	0	0	0	0	0	0	0	0	0
ASV5658	25	0	0	0	25	0	0	0	0	0	0	33	0	0	0	0	0	0	0	0	0
ASV5659	0	0	0	0	38	0	0	47	19	0	0	0	0	0	0	0	0	0	0	0	0
ASV5660	0	0	0	0	31	0	0	0	54	9	0	0	0	0	0	0	0	0	0	0	0
ASV5661	0	0	0	0	27	0	0	30	0	53	0	0	0	0	0	0	0	0	0	0	0
ASV5662	0	0	0	0	26	0	0	0	30	0	0	0	0	0	0	0	0	0	0	0	0
ASV5663	0	0	0	0	33	0	0	0	0	0	0	0	0	0	0	0	0	0	0	0	0
ASV5664	0	0	0	0	26	0	0	0	0	0	0	0	0	0	0	0	0	0	0	0	0
ASV5665	0	0	0	0	25	0	0	0	0	0	0	0	0	0	0	0	0	0	0	0	0
ASV5666	0	0	0	0	25	0	0	0	0	0	0	0	0	0	0	0	0	0	0	0	0
ASV5667	34	39	0	0	28	0	0	0	0	0	0	0	0	0	0	0	0	0	0	0	0
ASV5668	0	0	0	0	27	23	0	0	0	0	0	0	0	0	0	0	0	0	0	0	0
ASV5669	0	0	0	0	28	0	0	0	0	0	0	0	0	0	0	0	0	0	0	0	0
ASV5670	0	0	0	0	23	0	0	0	0	0	0	0	0	0	0	0	0	0	0	0	0
ASV5671	0	0	0	0	29	0	0	0	0	0	0	0	0	0	0	0	0	0	0	0	0
ASV5672	0	0	0	0	29	0	0	0	0	0	0	0	0	0	0	0	0	0	0	0	0
ASV5673	0	0	0	0	28	0	0	0	0	0	0	0	0	0	0	0	0	0	0	0	0
ASV5674	0	89	129	0	22	0	0	71	0	0	0	153	47	0	13	0	0	35	0	0	0
ASV5675	0	0	0	0	28	0	0	0	0	0	0	0	0	0	0	0	0	0	0	0	0
ASV5676	4	0	0	0	29	22	0	0	20	0	0	0	25	0	42	0	0	32	0	0	0
ASV5677	0	0	0	0	19	0	0	0	0	0	0	0	0	0	0	0	0	0	0	0	0
ASV5678	0	0	0	0	20	0	0	0	0	0	0	0	0	0	0	0	0	0	0	0	0
ASV5679	0	0	0	0	21	0	0	0	0	0	0	0	0	0	0	0	0	0	0	0	0
ASV5680	0	0	0	0	26	0	0	0	0	0	0	0	0	0	0	0	0	0	0	0	0
ASV5681	0	0	0	0	23	0	0	0	0	0	0	0	0	0	0	0	0	0	0	0	0
ASV5682	0	0	0	0	25	0	0	0	0	0	0	0	0	0	0	0	0	0	0	0	0
ASV5683	0	0	0	0	20	0	0	0	0	0	0	0	0	0	0	0	0	0	0	0	0
ASV5684	0	0	0	0	26	0	0	0	0	0	0	0	0	0	0	0	0	0	0	0	0
ASV5685	0	0	0	0	18	0	0	0	0	0	0	0	0	0	0	0	0	0	0	0	0
ASV5686	0	0	0	0	23	0	0	0	0	0	0	0	0	0	44	0	0	51	0	0	0
ASV5687	0	0	0	0	20	0	0	0	0	0	0	0	0	0	0	0	0	0	0	0	0
ASV5688	0	0	0	0	20	0	0	29	0	0	0	0	0	0	0	0	0	0	0	0	0
ASV5689	0	0	0	0	18	0	0	0	0	0	0	0	0	0	0	0	0	0	0	0	0
ASV5690	0	0	0	0	20	0	0	0	0	0	0	0	0	0	0	0	0	0	0	0	0
ASV5691	0	0	0	0	20	0	0	0	0	0	0	23	0	0	50	0	0	0	0	0	0
ASV5692	0	0	0	0	22	0	0	0	0	0	0	0	0	0	0	0	0	0	0	0	0
ASV5693	0	0	0	0	20	0	0	0	0	0	0	0	0	0	0	0	0	0	0	0	0
ASV5694	0	131	0	0	24	46	0	0	25	0	0	0	34	0	0	0	0	92	0	0	0
ASV5695	0	0	0	0	16	0	0	0	0	0	0	0	0	0	0	0	0	86	0	0	0
ASV5696	0	0	223	0	18	0	0	0	78	0	405	0	0	0	0	0	0	0	0	0	0
ASV5697	0	0	0	0	22	0	0	0	0	0	86	39	19	0	0	0	0	26	0	0	0
ASV5698	0	0	0	0	15	0	0	0	0	0	0	0	0	0	0	0	0	0	0	0	0
ASV5699	0	0	0	0	11	0	0	0	0	0	0	0	0	0	0	0	0	0	0	0	0
ASV5700	0	0	0	0	21	9	0	0	0	0	0	0	0	0	0	0	0	0	0	0	0
ASV5701	0	0	0	0	15	0	0	0	0	0	0	0	0	0	0	0	0	0	0	0	0
ASV5702	0	0	0	0	23	0	0	0	0	0	0	0	0	0	0	0	0	0	0	0	0
ASV5703	0	0	0	0	22	0	0	0	0	9	0	0	0	0	0	0	0	0	0	0	0
ASV5704	0	0	0	0	21	0	0	0	0	0	0	0	0	0	0	0	0	0	0	0	0
ASV5705	0	0	0	0	18	0	0	0	2	0	0	0	0	0	0	0	0	0	0	0	0
ASV5706	0	0	0	0	12	0	0	0	0	0	0	0	0	0	0	0	0	0	0	0	0
ASV5707	0	0	0	0	15	0	0	0	0	0	0	0	0	0	0	0	0	0	0	0	0
ASV5708	0	0	0	0	18	0	0	0	0	0	0	0	0	0	0	0	0	0	0	0	0
ASV5709	0	0	0	0	24	0	0	0	0	0	0	10	0	0	0	0	0	0	0	0	0
ASV5710	0	0	0	0	23	0	0	0	0	0	0	0	0	0	0	0	0	0	0	0	0
ASV5712	0	0	0	0	14	0	0	0	11	3	0	0	27	0	0	0	0	0	0	0	0
ASV5713	0	0	0	0	17	11	0	0	0	0	0	39	0	0	0	0	0	29	0	0	0
ASV5714	0	0	0	0	19	0	0	0	0	0	0	0	24	0	0	0	0	0	0	0	0
ASV5715	0	0	0	0	16	0	0	0	0	0	0	0	0	0	0	0	0	0	0	0	0
ASV5716	0	0	0	0	18	0	0	0	0	0	0	0	0	0	0	0	0	0	0	0	0
ASV5717	0	0	0	0	12	8	0	20	0	17	0	0	0	25	0	0	0	0	0	0	0
ASV5718	0	0	0	0	17	0	0	0	0	0	0	0	0	0	0	0	0	0	0	0	0
ASV5719	20	0	0	0	15	0	0	0	0	0	0	0	0	0	0	0	0	0	0	0	0
ASV5720	0	0	0	0	16	0	0	0	0	0	0	0	0	0	0	0	0	0	0	0	0
ASV5721	0	0	0	0	17	0	0	0	0	0	0	0	0	0	0	0	0	0	0	0	0
ASV5722	0	0	0	0	18	0	0	0	0	0	0	0	0	0	0	0	0	0	0	0	0
ASV5723	0	0	0	0	20	0	0	0	0	0	0	0	0	0	0	0	0	0	0	0	0
ASV5724	29	0	39	0	14	0	0	0	0	0	0	41	38	0	0	0	0	0	0	0	0
ASV5725	0	0	0	0	17	0	0	0	0	0	0	0	0	0	0	0	0	0	0	0	0
ASV5726	0	0	0	0	10	0	0	0	0	0	0	0	0	0	0	0	0	0	0	0	0
ASV5727	0	0	0	0	11	0	0	0	0	0	0	0	0	0	0	0	0	0	0	0	0
ASV5728	0	0	0	0	11	0	0	0	0	0	0	0	0	0	0	0	0	0	0	0	0
ASV5729	0	0	0	0	17	0	0	0	0	0	0	0	0	0	0	0	0	0	0	0	0
ASV5730	0	34	0	0	14	4	0	0	0	39	0	49	0	0	2	0	0	0	0	0	0
ASV5731	0	0	0	0	13	0	0	0	0	0	0	0	0	0	0	0	0	0	0	0	0
ASV5732	6	0	33	0	12	11	0	0	32	37	60	0	35	91	14	0	0	0	0	0	0
ASV5733	0	0	0	0	16	0	0	0	0	0	0	29	0	0	0	0	0	0	0	0	0
ASV5734	0	0	0	0	11	0	0	0	0	0	0	0	0	0	0	0	0	0	0	0	0
ASV5735	0	0	0	0	15	0	0	0	0	0	0	0	0	0	0	0	0	0	0	0	0
ASV5736	0	0	0	0	12	0	0	0	0	0	0	0	0	0	0	0	0	0	0	0	0
ASV5737	0	0	0	0	13	0	0	0	0	0	0	0	0	0	0	0	0	0	0	0	0
ASV5738	76	0	0	0	13	4	0	0	0	12	63	0	0	0	10	0	0	0	0	0	0
ASV5739	0	0	0	0	7	0	0	0	0	0	0	0	0	0	0	0	0	0	0	0	0
ASV5740	0	93	58	0	14	0	0	0	0	0	0	0	0	0	0	0	0	0	0	0	0
ASV5741	0	0	0	0	10	0	0	0	0	0	0	0	0	0	0	0	0	0	0	0	0
ASV5742	0	0	0	0	14	0	0	0	0	0	0	0	0	0	0	0	0	0	0	0	0
ASV5743	0	0	0	0	10	0	0	0	0	0	0	0	0	0	0	0	0	0	0	0	0
ASV5744	0	0	0	0	14	31	0	0	0	0	0	0	0	0	0	0	0	0	0	0	0
ASV5745	0	0	0	0	18	0	0	0	0	0	0	0	0	0	0	0	0	0	0	0	0
ASV5746	0	0	0	0	13	0	0	0	14	0	0	0	0	0	0	0	0	0	0	0	0
ASV5747	0	0	0	0	7	0	0	0	0	0	0	0	0	0	0	0	0	0	0	0	0
ASV5748	0	0	0	0	9	0	0	0	0	0	0	12	0	0	0	0	0	0	0	0	0
ASV5749	0	0	0	0	11	0	0	0	0	0	0	0	0	0	0	0	0	0	0	0	0
ASV5750	0	0	0	0	12	0	0	0	0	0	0	0	0	0	0	0	0	0	0	0	0
ASV5751	0	0	0	0	14	0	0	0	0	0	0	0	0	0	0	0	0	0	0	0	0
ASV5752	0	0	0	0	10	0	0	0	0	0	0	0	0	0	0	0	0	0	0	0	0
ASV5753	0	1	0	0	12	6	0	0	0	9	0	0	0	0	0	0	0	0	0	0	0
ASV5754	0	0	0	0	10	12	0	0	0	0	0	0	0	0	0	0	0	0	0	0	0
ASV5755	13	0	0	0	11	0	0	0	34	42	0	0	0	64	0	0	0	0	0	0	0
ASV5756	0	0	0	0	11	47	0	0	0	0	0	0	0	0	0	0	0	0	0	0	0
ASV5757	0	0	0	0	8	0	0	0	0	0	0	0	0	0	0	0	0	0	0	0	0
ASV5758	0	0	0	0	9	0	0	0	0	0	0	0	0	0	0	0	0	0	0	0	0
ASV5764	10	0	0	0	10	0	0	0	30	0	0	0	0	0	0	0	0	12	0	0	0
ASV5771	0	0	12	0	6	0	0	0	14	0	0	0	0	0	0	0	0	0	0	0	0
ASV5773	0	0	0	0	10	10	0	0	0	0	0	0	4	0	0	0	0	0	0	0	0
ASV5774	0	0	4	0	8	0	1	0	0	0	0	0	9	0	1	0	0	0	0	0	0
ASV5776	0	0	0	0	7	0	0	0	0	0	0	0	16	0	0	0	0	0	0	0	0
ASV5778	0	0	0	0	5	0	0	0	0	9	0	0	0	0	0	0	0	0	0	0	0
ASV5780	119	0	0	0	8	0	0	0	0	1	341	0	0	0	0	0	0	83	0	0	0
ASV5781	0	0	11	0	7	0	0	0	0	0	0	0	0	0	0	0	0	0	0	0	0
ASV5784	0	0	9	0	7	31	0	0	0	0	0	0	0	0	0	0	0	27	0	0	0
ASV5785	0	0	0	0	5	0	0	0	0	0	0	0	0	0	44	0	0	0	0	0	0
ASV5789	36	0	0	0	4	0	0	0	0	0	0	0	0	0	0	0	0	0	0	0	0
ASV5794	3	0	0	0	8	0	0	0	0	8	0	0	0	0	5	0	0	96	0	0	0
ASV5796	10	0	0	0	5	12	0	3	0	0	0	0	5	0	0	0	0	10	0	0	0
ASV5797	0	0	12	0	6	0	0	2	0	0	21	0	0	0	0	0	0	0	0	0	0
ASV5798	3	0	0	0	7	5	0	0	0	0	0	0	0	0	0	0	0	0	0	0	0
ASV5801	0	0	0	0	7	0	0	0	0	0	0	0	8	0	0	0	0	0	0	0	0
ASV5802	0	0	0	0	5	0	0	10	0	0	0	0	0	0	28	0	0	0	0	0	0
ASV5803	0	0	0	0	11	0	0	0	0	0	0	0	0	175	0	0	0	0	0	0	0
ASV5804	0	0	0	0	8	0	0	0	0	7	0	0	0	0	0	0	0	1	0	0	0
ASV5810	0	0	68	0	8	0	0	0	0	0	0	0	5	0	0	0	0	0	0	0	0
ASV5819	7	0	2	0	6	0	0	0	0	0	0	0	0	0	3	0	0	0	0	0	0
ASV5823	0	14	0	0	6	0	0	0	0	21	0	0	0	0	0	0	0	0	0	0	0
ASV5825	0	0	0	0	6	0	0	0	0	16	0	0	0	0	0	0	0	0	0	0	0
ASV5826	0	0	14	0	5	0	0	0	0	0	0	0	1	0	2	0	0	0	0	0	0
ASV5832	0	0	0	0	2	0	0	0	0	24	0	0	0	0	0	0	0	0	0	0	0
ASV5839	0	0	0	0	3	0	0	12	0	0	0	0	0	0	0	0	0	2	0	0	0
ASV5847	0	0	0	0	3	0	0	14	0	0	0	0	20	0	0	0	0	0	0	0	0
ASV5851	0	0	0	0	3	71	160	0	0	127	0	0	38	0	0	0	0	0	0	0	0
ASV5857	0	0	0	0	3	0	0	0	18	0	0	0	0	0	0	0	0	0	0	0	0
ASV5869	0	0	0	0	1	0	0	26	0	0	0	0	0	0	27	0	0	0	0	0	0
ASV5915	0	0	0	0	4	0	0	0	12	0	0	0	4	0	0	0	0	0	0	0	0
ASV5921	0	0	0	0	2	0	0	21	0	8	0	0	0	0	0	0	0	0	0	0	0
ASV5951	0	0	0	0	0	22	0	27	0	18	0	0	0	0	0	0	0	0	0	0	0
ASV6014	0	0	0	0	2	66	0	0	0	0	0	0	0	0	0	0	0	0	0	0	0
ASV6127	0	0	0	0	2	19	0	0	4	0	0	0	0	0	0	0	0	0	0	0	0
ASV6174	0	0	0	0	1	0	0	0	0	0	0	22	0	0	0	0	0	0	0	0	0
ASV6234	133	0	0	0	0	0	0	0	0	0	0	0	0	167	3	0	0	0	0	0	0
ASV6312	0	0	0	0	1	0	0	0	0	0	0	60	0	0	0	0	0	0	0	0	0
ASV6325	436	0	0	0	0	0	0	0	0	0	0	0	0	0	0	0	0	0	0	0	0
ASV6550	0	0	0	0	0	236	0	0	222	0	609	0	0	0	0	0	0	0	0	0	0
ASV6551	0	0	0	0	0	160	0	40	0	0	0	0	70	0	0	0	0	0	0	0	0
ASV6552	0	0	0	0	0	133	0	103	83	0	0	190	66	192	0	0	0	0	0	0	0
ASV6553	0	32	0	0	0	119	0	0	15	11	185	46	0	0	29	0	0	0	0	0	0
ASV6554	0	1	0	0	0	114	0	0	0	1	0	0	0	0	0	0	0	0	0	0	0
ASV6555	0	0	0	0	0	97	0	0	1	0	0	0	0	0	0	0	0	0	0	0	0
ASV6556	0	0	0	0	0	80	0	0	0	0	0	0	0	0	0	0	0	0	0	0	0
ASV6557	0	0	0	0	0	84	0	0	0	0	0	0	0	0	0	0	0	0	0	0	0
ASV6558	1	0	0	0	0	79	0	0	0	36	0	0	0	0	39	0	0	0	0	0	0
ASV6559	0	0	0	0	0	78	0	81	89	0	0	43	27	0	0	0	0	0	0	0	0
ASV6560	0	0	0	0	0	74	0	0	0	0	0	0	0	0	0	0	0	0	0	0	0
ASV6561	0	0	0	0	0	69	0	0	0	0	0	0	0	0	0	0	0	0	0	0	0
ASV6562	1	0	0	0	0	65	0	0	0	0	0	204	1	212	0	0	0	0	0	0	0
ASV6563	213	0	133	0	0	59	0	0	0	0	0	0	0	0	56	0	0	0	0	0	0
ASV6564	0	0	0	0	0	65	0	0	0	0	0	0	0	0	0	0	0	0	0	0	0
ASV6565	0	0	0	0	0	61	0	0	0	0	0	0	0	0	0	0	0	0	0	0	0
ASV6566	0	0	0	0	0	49	0	0	0	0	0	0	0	0	0	0	0	0	0	0	0
ASV6567	0	0	0	0	0	59	0	0	0	0	0	0	0	0	0	0	0	0	0	0	0
ASV6568	0	0	0	0	0	63	0	0	0	0	0	0	0	0	0	0	0	0	0	0	0
ASV6569	0	0	0	0	0	53	0	0	0	0	0	0	0	0	0	0	0	0	0	0	0
ASV6570	0	0	0	0	0	54	0	0	0	0	0	0	0	0	0	0	0	0	0	0	0
ASV6571	0	0	0	0	0	52	0	0	0	0	0	0	0	0	0	0	0	0	0	0	0
ASV6572	0	0	0	0	0	53	0	0	0	0	0	0	0	0	0	0	0	0	0	0	0
ASV6573	0	57	0	0	0	50	0	0	0	0	0	0	0	0	0	0	0	0	0	0	0
ASV6574	0	0	0	0	0	44	0	0	0	0	0	0	0	0	0	0	0	0	0	0	0
ASV6575	0	0	0	0	0	46	0	0	0	0	0	0	0	0	0	0	0	0	0	0	0
ASV6576	0	0	0	0	0	43	0	0	0	0	0	0	0	82	0	0	0	0	0	0	0
ASV6577	8	0	0	0	0	47	0	0	0	12	0	0	0	0	0	0	0	0	0	0	0
ASV6578	0	0	0	0	0	39	0	0	0	0	0	0	0	0	0	0	0	0	0	0	0
ASV6579	0	0	0	0	0	45	0	0	0	0	0	0	0	0	0	0	0	0	0	0	0
ASV6580	0	0	0	0	0	46	0	0	0	0	0	0	0	0	0	0	0	0	0	0	0
ASV6581	0	37	0	0	0	36	0	0	53	0	62	0	0	0	0	0	0	0	0	0	0
ASV6582	0	0	0	0	0	41	0	0	0	0	0	0	0	2	0	0	0	0	0	0	0
ASV6583	0	0	0	0	0	42	0	0	0	0	0	0	0	0	0	0	0	0	0	0	0
ASV6584	0	0	0	0	0	38	0	0	0	0	0	0	0	69	0	0	0	0	0	0	0
ASV6585	0	0	0	0	0	30	0	0	0	0	0	0	0	0	0	0	0	0	0	0	0
ASV6586	0	0	0	0	0	28	0	0	0	63	0	0	0	0	0	0	0	0	0	0	0
ASV6587	0	0	0	0	0	28	0	0	21	0	0	0	0	0	0	0	0	0	0	0	0
ASV6588	0	0	0	0	0	37	0	0	0	0	0	0	0	0	0	0	0	0	0	0	0
ASV6589	0	0	0	0	0	38	0	0	0	0	0	0	0	0	0	0	0	0	0	0	0
ASV6590	0	0	0	0	0	38	0	0	0	0	0	0	0	0	0	0	0	0	0	0	0
ASV6591	0	1	0	0	0	33	0	0	0	0	0	0	0	0	0	0	0	0	0	0	0
ASV6592	0	0	0	0	0	33	0	102	0	0	147	0	0	0	0	0	0	0	0	0	0
ASV6593	0	0	0	0	0	30	0	0	0	0	0	0	0	0	0	0	0	0	0	0	0
ASV6594	0	0	0	0	0	37	0	0	75	0	0	0	0	0	0	0	0	0	0	0	0
ASV6595	0	1	0	0	0	32	0	0	0	0	0	0	29	0	0	0	0	0	0	0	0
ASV6596	0	0	0	0	0	35	0	0	0	0	0	0	0	0	0	0	0	0	0	0	0
ASV6597	0	0	0	0	0	33	0	0	0	0	0	0	0	0	0	0	0	0	0	0	0
ASV6598	0	0	0	0	0	31	0	0	0	7	0	0	0	0	0	0	0	0	0	0	0
ASV6599	0	0	0	0	0	31	0	0	0	0	0	0	0	0	0	0	0	0	0	0	0
ASV6600	0	0	0	0	0	34	0	0	0	0	0	0	0	32	36	0	0	0	0	0	0
ASV6601	0	0	0	0	0	23	0	0	0	0	0	0	0	0	0	0	0	0	0	0	0
ASV6602	0	0	0	0	0	29	0	0	0	0	0	0	0	0	0	0	0	0	0	0	0
ASV6603	0	0	0	0	0	33	0	0	0	0	0	0	0	0	0	0	0	0	0	0	0
ASV6604	0	0	0	0	0	28	0	0	0	0	0	0	0	0	0	0	0	0	0	0	0
ASV6605	38	0	0	0	0	30	0	20	0	0	0	0	0	0	0	0	0	0	0	0	0
ASV6606	65	0	22	0	0	25	0	0	0	23	0	0	0	0	0	0	0	0	0	0	0
ASV6607	0	0	0	0	0	34	0	0	0	0	0	0	0	0	0	0	0	0	0	0	0
ASV6608	0	0	0	0	0	35	0	0	0	0	0	0	0	0	0	0	0	0	0	0	0
ASV6609	0	0	0	0	0	25	0	0	0	0	0	0	0	0	0	0	0	162	0	0	0
ASV6610	75	0	0	0	0	23	0	0	0	0	0	0	0	0	0	0	0	0	0	0	0
ASV6611	0	0	0	0	0	22	0	0	0	0	0	0	0	0	0	0	0	0	0	0	0
ASV6612	0	0	0	0	0	23	0	0	40	0	0	0	0	0	17	0	0	0	0	0	0
ASV6613	0	0	0	0	0	22	0	0	0	0	0	0	0	0	0	0	0	0	0	0	0
ASV6615	0	0	0	0	0	22	0	0	0	0	0	0	0	0	0	0	0	0	0	0	0
ASV6616	0	0	0	0	0	23	0	0	0	0	0	0	0	0	0	0	0	0	0	0	0
ASV6617	0	0	0	0	0	23	0	0	0	0	0	0	16	96	17	0	0	0	0	0	0
ASV6618	0	0	0	0	0	20	0	0	0	0	0	0	0	0	0	0	0	0	0	0	0
ASV6619	0	35	0	0	0	19	0	0	0	0	0	40	0	0	0	0	0	0	0	0	0
ASV6620	0	0	0	0	0	15	0	0	0	0	0	0	0	0	0	0	0	0	0	0	0
ASV6621	0	0	0	0	0	24	0	0	0	0	0	0	0	0	0	0	0	0	0	0	0
ASV6622	0	0	0	0	0	23	0	0	0	0	0	0	0	0	0	0	0	0	0	0	0
ASV6623	0	0	0	0	0	18	0	0	0	0	0	0	0	0	25	0	0	0	0	0	0
ASV6624	0	0	0	0	0	23	0	0	0	0	0	0	0	0	0	0	0	0	0	0	0
ASV6625	0	0	0	0	0	20	0	0	40	0	0	0	6	26	0	0	0	0	0	0	0
ASV6626	0	8	0	0	0	24	0	0	0	0	0	0	10	0	0	0	0	0	0	0	0
ASV6627	0	0	0	0	0	15	0	0	3	8	69	0	0	0	0	0	0	0	0	0	0
ASV6629	0	0	0	0	0	16	0	0	0	0	0	0	0	0	0	0	0	0	0	0	0
ASV6630	0	0	0	0	0	20	0	0	0	0	0	0	0	0	0	0	0	0	0	0	0
ASV6631	0	0	0	0	0	21	0	0	0	0	0	0	0	0	0	0	0	0	0	0	0
ASV6632	0	0	0	0	0	20	0	0	0	0	0	0	0	0	0	0	0	0	0	0	0
ASV6633	0	0	0	0	0	18	0	0	0	0	0	0	0	0	0	0	0	0	0	0	0
ASV6634	0	0	0	0	0	23	0	0	0	0	0	0	0	0	0	0	0	0	0	0	0
ASV6635	0	0	0	0	0	17	0	0	0	0	0	0	0	0	0	0	0	0	0	0	0
ASV6636	77	0	0	0	0	15	0	0	0	88	0	0	0	0	0	0	0	0	0	0	0
ASV6637	0	0	81	0	0	19	0	0	0	0	0	97	11	0	0	0	0	0	0	0	0
ASV6638	0	0	0	0	0	19	0	0	0	0	0	0	0	0	0	0	0	0	0	0	0
ASV6640	0	0	0	0	0	16	0	0	0	0	0	0	0	0	0	0	0	46	0	0	0
ASV6641	0	0	0	0	0	16	0	0	0	0	0	0	0	0	0	0	0	0	0	0	0
ASV6642	0	0	0	0	0	13	0	0	0	0	0	0	0	0	0	0	0	0	0	0	0
ASV6643	0	0	0	0	0	15	0	0	0	0	0	0	0	0	0	0	0	0	0	0	0
ASV6644	0	0	0	0	0	17	0	0	0	0	0	0	0	0	0	0	0	0	0	0	0
ASV6645	57	0	31	0	0	15	0	42	0	64	0	0	27	0	21	0	0	0	0	0	0
ASV6646	0	0	0	0	0	16	0	0	0	0	0	0	0	0	0	0	0	0	0	0	0
ASV6647	0	0	0	0	0	9	0	0	0	0	0	0	0	0	0	0	0	0	0	0	0
ASV6648	0	0	0	0	0	19	0	0	0	0	0	0	0	0	0	0	0	0	0	0	0
ASV6649	0	0	0	0	0	17	0	0	0	0	0	0	0	0	0	0	0	0	0	0	0
ASV6650	0	0	0	0	0	15	0	0	0	0	0	0	0	0	0	0	0	0	0	0	0
ASV6651	0	0	0	0	0	11	0	0	0	0	0	0	0	0	0	0	0	0	0	0	0
ASV6652	37	0	0	0	0	16	133	0	10	0	0	39	0	0	30	0	0	0	0	0	0
ASV6653	0	0	0	0	0	16	0	0	0	0	0	0	0	0	0	0	0	0	0	0	0
ASV6654	0	0	0	0	0	14	0	0	0	0	0	0	0	51	0	0	0	0	0	0	0
ASV6655	0	0	0	0	0	15	0	1	0	0	0	0	0	0	0	0	0	0	0	0	0
ASV6657	0	0	0	0	0	15	0	0	0	0	0	0	0	0	0	0	0	0	0	0	0
ASV6658	13	0	0	0	0	14	0	0	0	0	0	0	26	0	0	0	0	0	0	0	0
ASV6659	0	0	0	0	0	13	0	0	0	0	0	0	0	0	0	0	0	0	0	0	0
ASV6660	0	0	0	0	0	14	0	0	0	9	0	0	0	0	3	0	0	0	0	0	0
ASV6661	0	0	0	0	0	16	0	0	0	0	0	0	19	0	0	0	0	0	0	0	0
ASV6662	0	0	0	0	0	14	3	0	0	0	0	0	0	0	4	0	0	0	0	0	0
ASV6663	0	0	0	0	0	14	0	0	0	56	0	0	38	0	0	0	0	35	0	0	0
ASV6666	6	11	0	0	0	12	0	0	0	0	0	0	0	0	7	0	0	0	0	0	0
ASV6669	0	26	0	0	0	14	0	0	6	45	0	25	0	0	0	0	0	0	0	0	0
ASV6678	0	0	0	0	0	8	0	0	7	0	0	0	0	0	0	0	0	0	0	0	0
ASV6681	0	0	0	0	0	8	0	0	0	0	0	0	0	0	12	0	0	0	0	0	0
ASV6682	0	28	0	0	0	9	0	0	0	0	0	0	0	0	0	0	0	0	0	0	0
ASV6689	0	0	2	0	0	6	0	0	0	0	0	9	0	0	0	0	0	0	0	0	0
ASV6694	0	0	0	0	0	10	0	13	0	0	0	0	0	0	0	0	0	0	0	0	0
ASV6704	0	0	0	0	0	6	0	5	0	0	0	0	0	0	0	0	0	0	0	0	0
ASV6709	0	0	0	0	0	7	0	0	0	0	0	0	0	0	0	0	0	11	0	0	0
ASV6710	0	0	0	0	0	5	0	0	0	0	0	0	9	0	0	0	0	0	0	0	0
ASV6735	0	51	0	0	0	4	0	0	0	0	0	0	0	0	0	0	0	0	0	0	0
ASV6752	0	0	60	0	0	3	0	23	0	0	0	0	55	0	0	0	0	0	0	0	0
ASV6756	0	0	0	0	0	2	2	0	0	0	0	0	0	17	1	0	0	0	0	0	0
ASV6809	0	0	0	0	0	2	0	18	0	0	0	0	0	0	0	0	0	3	0	0	0
ASV6883	0	0	0	0	0	1	0	0	0	0	0	41	0	0	0	0	0	0	0	0	0
ASV6886	0	0	0	0	0	1	0	0	0	0	0	0	0	151	0	0	0	0	0	0	0
ASV6918	6	0	0	0	0	0	0	0	0	0	0	0	9	0	0	0	0	0	0	0	0
ASV7067	0	0	0	0	0	1	0	0	0	0	0	0	0	0	0	0	0	111	0	0	0
ASV7075	0	97	0	0	0	0	0	0	0	0	0	0	0	0	0	0	0	0	0	0	0
ASV7080	1	0	3	0	0	1	0	8	0	0	0	0	0	0	0	0	0	0	0	0	0
ASV7334	43	100	21	0	0	1	0	0	127	0	0	0	72	67	93	0	0	0	0	0	0
ASV7427	0	0	0	0	0	0	0	55	111	0	0	0	0	1	0	0	0	223	0	0	0
ASV7428	0	0	0	0	0	0	0	0	212	0	0	0	273	0	259	0	0	177	0	0	0
ASV7429	0	0	0	0	0	0	0	0	0	0	0	0	0	0	0	0	0	176	0	0	0
ASV7430	0	0	0	0	0	0	0	0	0	0	0	0	0	0	0	0	0	155	0	0	0
ASV7431	0	0	0	0	0	0	0	0	0	0	0	0	0	0	25	0	0	169	0	0	0
ASV7432	0	0	0	0	0	0	0	0	0	0	0	0	0	0	0	0	0	157	0	0	0
ASV7433	0	0	0	0	0	0	0	0	0	0	0	0	0	0	0	0	0	128	0	0	0
ASV7434	0	0	0	0	0	0	0	0	0	0	0	0	0	0	0	0	0	139	0	0	0
ASV7435	0	0	0	0	0	0	0	32	0	0	0	0	0	0	0	0	0	126	0	0	0
ASV7436	0	0	0	0	0	0	0	0	0	0	0	0	0	0	0	0	0	125	0	0	0
ASV7437	0	0	0	0	0	0	0	0	0	53	0	138	0	0	0	0	0	114	0	0	0
ASV7438	0	0	0	0	0	0	0	0	0	0	0	0	0	0	0	0	0	113	0	0	0
ASV7439	0	0	0	0	0	0	0	89	0	0	0	144	0	0	0	0	0	98	0	0	0
ASV7440	0	0	0	0	0	0	0	0	0	0	0	0	0	0	0	0	0	105	0	0	0
ASV7441	0	0	0	0	0	0	0	0	0	0	0	0	0	0	0	0	0	99	0	0	0
ASV7442	0	0	0	0	0	0	0	0	0	0	0	0	0	0	0	0	0	92	0	0	0
ASV7443	0	0	0	0	0	0	0	0	0	0	0	0	0	0	0	0	0	101	0	0	0
ASV7444	0	0	0	0	0	0	0	0	59	0	0	0	0	0	0	0	0	84	0	0	0
ASV7445	0	0	0	0	0	0	0	0	0	0	0	0	3	0	0	0	0	83	0	0	0
ASV7446	0	0	0	0	0	0	0	0	0	0	0	0	0	0	0	0	0	78	0	0	0
ASV7447	0	0	0	0	0	0	0	0	0	0	0	0	0	0	0	0	0	75	0	0	0
ASV7448	0	0	0	0	0	0	0	0	0	0	0	0	0	0	0	0	0	81	0	0	0
ASV7449	0	0	0	0	0	0	0	0	0	0	0	0	0	0	0	0	0	71	0	0	0
ASV7450	0	0	0	0	0	0	0	0	51	0	0	0	0	0	0	0	0	79	0	0	0
ASV7451	0	0	0	0	0	0	0	0	0	0	0	0	0	0	0	0	0	74	0	0	0
ASV7452	0	0	0	0	0	0	0	0	0	0	0	0	0	0	0	0	0	75	0	0	0
ASV7453	0	0	0	0	0	0	0	0	0	0	0	0	0	0	0	0	0	63	0	0	0
ASV7454	0	0	0	0	0	0	0	89	0	0	0	0	0	107	0	0	0	68	0	0	0
ASV7455	0	0	0	0	0	0	0	0	0	0	0	0	0	0	0	0	0	66	0	0	0
ASV7456	0	0	0	0	0	0	0	0	0	0	0	0	0	0	0	0	0	66	0	0	0
ASV7457	0	0	0	0	0	0	0	0	55	0	0	0	0	0	0	0	0	57	0	0	0
ASV7458	0	0	0	0	0	0	0	0	0	0	2	0	0	0	0	0	0	60	0	0	0
ASV7459	0	3	57	0	0	0	0	0	0	0	0	57	0	45	0	0	0	70	0	0	0
ASV7460	26	0	0	0	0	0	0	0	0	0	0	0	0	0	0	0	0	61	0	0	0
ASV7461	0	0	0	0	0	0	0	0	0	0	0	0	0	0	0	0	0	65	0	0	0
ASV7462	0	0	0	0	0	0	0	0	0	0	0	98	0	0	0	0	0	52	0	0	0
ASV7463	0	0	0	0	0	0	0	0	0	0	0	0	0	0	0	0	0	55	0	0	0
ASV7464	0	0	0	0	0	0	0	0	0	0	0	0	0	0	0	0	0	48	0	0	0
ASV7465	0	0	0	0	0	0	0	0	0	0	0	0	0	0	0	0	0	49	0	0	0
ASV7466	0	0	0	0	0	0	0	14	0	7	0	0	0	16	0	0	0	48	0	0	0
ASV7467	0	0	0	0	0	0	0	0	0	0	0	0	0	0	0	0	0	51	0	0	0
ASV7468	2	0	0	0	0	0	0	0	0	0	0	0	0	0	0	0	0	41	0	0	0
ASV7469	0	0	0	0	0	0	0	0	0	70	0	0	0	0	96	0	0	49	0	0	0
ASV7470	0	0	0	0	0	0	0	0	0	0	0	0	0	0	0	0	0	48	0	0	0
ASV7471	0	0	0	0	0	0	0	0	0	0	0	0	0	0	0	0	0	46	0	0	0
ASV7472	48	0	47	0	0	0	0	0	0	0	0	19	19	0	0	0	0	42	0	0	0
ASV7473	0	0	0	0	0	0	0	0	0	0	0	0	0	0	0	0	0	45	0	0	0
ASV7474	0	0	0	0	0	0	19	0	0	0	0	2	0	0	38	0	0	47	0	0	0
ASV7475	0	0	0	0	0	0	0	0	0	0	0	0	0	0	0	0	0	48	0	0	0
ASV7476	0	0	0	0	0	0	0	0	0	0	0	0	0	0	0	0	0	41	0	0	0
ASV7477	0	0	0	0	0	0	0	0	0	0	0	0	13	0	0	0	0	38	0	0	0
ASV7478	0	0	0	0	0	0	0	0	0	0	0	0	0	0	0	0	0	41	0	0	0
ASV7479	0	0	0	0	0	0	0	0	0	0	0	0	0	0	0	0	0	37	0	0	0
ASV7480	0	0	0	0	0	0	0	0	0	0	0	0	0	0	0	0	0	33	0	0	0
ASV7481	0	0	0	0	0	0	0	0	0	0	0	0	0	0	0	0	0	34	0	0	0
ASV7482	0	0	0	0	0	0	0	0	0	6	0	0	0	0	0	0	0	39	0	0	0
ASV7483	0	0	0	0	0	0	0	0	0	0	0	0	0	0	0	0	0	37	0	0	0
ASV7484	0	0	0	0	0	0	0	0	0	0	0	0	0	0	0	0	0	36	0	0	0
ASV7485	0	0	0	0	0	0	0	0	0	0	0	0	0	0	0	0	0	31	0	0	0
ASV7486	0	0	0	0	0	0	0	0	0	0	0	0	0	0	0	0	0	30	0	0	0
ASV7487	0	0	0	0	0	0	0	0	0	0	0	0	0	0	0	0	0	34	0	0	0
ASV7488	0	0	0	0	0	0	0	0	0	0	0	0	0	0	0	0	0	35	0	0	0
ASV7489	0	0	0	0	0	0	0	0	0	0	0	0	0	0	0	0	0	27	0	0	0
ASV7490	0	0	0	0	0	0	0	0	0	0	0	0	0	0	0	0	0	25	0	0	0
ASV7491	0	0	0	0	0	0	0	0	0	0	0	0	0	0	0	0	0	28	0	0	0
ASV7492	0	0	0	0	0	0	0	0	0	0	0	0	0	0	0	0	0	22	0	0	0
ASV7493	0	0	0	0	0	0	0	0	0	0	0	0	0	0	0	0	0	22	0	0	0
ASV7494	0	0	0	0	0	0	0	0	0	0	0	0	0	0	0	0	0	23	0	0	0
ASV7495	0	0	0	0	0	0	0	0	0	0	0	0	0	0	0	0	0	25	0	0	0
ASV7496	0	0	0	0	0	0	0	0	0	0	0	0	0	0	0	0	0	21	0	0	0
ASV7497	0	0	0	0	0	0	0	52	0	0	0	100	0	32	29	0	0	26	0	0	0
ASV7498	0	0	0	0	0	0	0	3	0	0	0	0	0	0	0	0	0	23	0	0	0
ASV7499	0	0	0	0	0	0	0	0	0	0	0	0	0	0	0	0	0	18	0	0	0
ASV7500	0	0	0	0	0	0	0	0	0	0	0	0	0	0	102	0	0	16	0	0	0
ASV7501	0	0	0	0	0	0	0	0	0	21	0	0	0	0	0	0	0	21	0	0	0
ASV7502	0	0	0	0	0	0	0	0	0	7	7	0	0	1	44	0	0	21	0	0	0
ASV7503	0	0	0	0	0	0	0	0	0	0	0	0	0	0	0	0	0	19	0	0	0
ASV7504	0	0	0	0	0	0	0	0	0	11	0	0	0	0	0	0	0	18	0	0	0
ASV7505	0	0	0	0	0	0	0	0	0	0	0	0	0	0	18	0	0	21	0	0	0
ASV7507	0	0	0	0	0	0	0	0	0	0	0	0	0	0	0	0	0	22	0	0	0
ASV7508	0	0	0	0	0	0	0	0	0	33	0	9	0	0	0	0	0	16	0	0	0
ASV7509	0	0	0	0	0	0	289	0	0	0	35	0	0	0	0	0	0	11	0	0	0
ASV7510	0	0	0	0	0	0	0	0	0	0	0	0	0	0	0	0	0	16	0	0	0
ASV7511	0	0	0	0	0	0	0	0	0	0	0	0	0	0	0	0	0	12	0	0	0
ASV7513	70	0	0	0	0	0	0	0	0	0	0	0	0	0	0	0	0	15	0	0	0
ASV7515	0	0	0	0	0	0	0	3	0	0	0	0	0	0	0	0	0	14	0	0	0
ASV7518	0	0	0	0	0	0	0	0	0	24	0	33	3	0	4	0	0	14	0	0	0
ASV7525	0	0	0	0	0	0	0	0	0	0	0	0	0	0	17	0	0	7	0	0	0
ASV7588	4	0	0	0	0	0	0	0	0	7	0	0	0	0	0	0	0	4	0	0	0
ASV7589	0	0	16	0	0	0	0	0	0	0	0	0	0	0	0	0	0	2	0	0	0
ASV7744	0	0	0	0	0	0	10	2	0	0	0	16	1	1	0	0	0	2	0	0	0
ASV8195	0	0	0	0	0	0	0	0	0	516	0	0	0	0	0	0	0	0	0	0	0
ASV8197	0	1	0	0	0	0	0	0	0	107	0	2	0	0	0	0	0	0	0	0	0
ASV8198	0	0	0	0	0	0	0	0	0	104	0	0	0	0	0	0	0	0	0	0	0
ASV8199	53	0	0	0	0	0	0	0	77	124	0	100	0	0	0	0	0	0	0	0	0
ASV8200	0	0	0	0	0	0	0	0	0	114	0	0	0	0	0	0	0	0	0	0	0
ASV8201	0	0	0	0	0	0	0	0	0	109	0	0	0	0	0	0	0	0	0	0	0
ASV8202	0	0	0	0	0	0	0	0	0	93	0	0	0	0	0	0	0	0	0	0	0
ASV8203	0	0	0	0	0	0	0	0	0	93	0	0	0	0	0	0	0	0	0	0	0
ASV8204	0	0	199	0	0	0	0	0	0	90	0	0	0	0	0	0	0	0	0	0	0
ASV8205	0	0	0	0	0	0	0	0	0	89	0	0	0	0	0	0	0	0	0	0	0
ASV8206	0	0	0	0	0	0	0	0	0	88	0	0	0	0	0	0	0	0	0	0	0
ASV8207	0	0	71	0	0	0	0	114	5	85	0	0	75	0	38	0	0	0	0	0	0
ASV8208	0	0	0	0	0	0	0	0	0	76	0	0	0	0	0	0	0	0	0	0	0
ASV8209	0	0	0	0	0	0	0	0	0	75	319	0	0	0	0	0	0	0	0	0	0
ASV8210	0	0	0	0	0	0	214	0	0	71	0	0	0	0	0	0	0	0	0	0	0
ASV8211	0	0	0	0	0	0	0	0	30	73	0	0	0	0	0	0	0	0	0	0	0
ASV8212	0	0	0	0	0	0	0	0	0	67	0	0	0	0	0	0	0	0	0	0	0
ASV8213	0	0	0	0	0	0	0	0	0	50	0	0	0	0	0	0	0	0	0	0	0
ASV8214	0	0	1	0	0	0	0	0	0	64	0	0	0	0	0	0	0	0	0	0	0
ASV8215	0	0	0	0	0	0	0	0	0	63	0	0	0	0	0	0	0	0	0	0	0
ASV8216	102	0	0	0	0	0	0	0	0	55	0	0	0	0	0	0	0	0	0	0	0
ASV8217	0	0	0	0	0	0	0	0	0	50	0	0	0	0	0	0	0	0	0	0	0
ASV8218	0	0	1	0	0	0	0	0	22	51	0	0	0	0	0	0	0	0	0	0	0
ASV8219	0	0	0	0	0	0	0	0	68	62	0	0	0	0	0	0	0	0	0	0	0
ASV8220	0	0	0	0	0	0	0	0	0	55	0	0	0	0	0	0	0	0	0	0	0
ASV8221	0	0	0	0	0	0	0	0	0	61	0	0	0	0	0	0	0	0	0	0	0
ASV8222	0	0	0	0	0	0	0	0	0	53	0	0	0	0	0	0	0	0	0	0	0
ASV8223	0	0	0	0	0	0	0	0	0	59	0	0	0	0	0	0	0	0	0	0	0
ASV8224	0	0	0	0	0	0	0	73	0	50	0	28	34	0	90	0	0	0	0	0	0
ASV8225	0	0	0	0	0	0	0	0	54	51	0	12	0	0	0	0	0	0	0	0	0
ASV8226	0	0	0	0	0	0	0	0	0	54	0	0	0	0	0	0	0	0	0	0	0
ASV8227	0	0	0	0	0	0	0	0	0	55	0	0	0	0	0	0	0	0	0	0	0
ASV8228	0	0	0	0	0	0	0	0	0	60	0	0	0	0	0	0	0	0	0	0	0
ASV8229	0	0	0	0	0	0	0	0	0	53	0	0	0	0	0	0	0	0	0	0	0
ASV8230	0	0	0	0	0	0	0	0	0	48	0	0	0	0	0	0	0	0	0	0	0
ASV8231	0	0	0	0	0	0	0	0	0	56	0	0	0	0	0	0	0	0	0	0	0
ASV8232	0	0	0	0	0	0	0	0	0	45	0	0	0	0	0	0	0	0	0	0	0
ASV8233	0	0	0	0	0	0	0	0	0	44	0	0	0	0	0	0	0	0	0	0	0
ASV8234	0	0	0	0	0	0	0	0	176	46	0	103	11	0	13	0	0	0	0	0	0
ASV8235	0	0	0	0	0	0	0	0	0	47	0	0	0	0	0	0	0	0	0	0	0
ASV8236	0	0	0	0	0	0	0	0	0	49	0	33	13	0	15	0	0	0	0	0	0
ASV8237	0	0	0	0	0	0	0	0	0	34	0	0	0	0	0	0	0	0	0	0	0
ASV8238	0	0	150	0	0	0	0	138	0	39	0	0	0	0	8	0	0	0	0	0	0
ASV8239	0	0	0	0	0	0	0	0	0	30	0	0	0	0	0	0	0	0	0	0	0
ASV8240	0	0	0	0	0	0	0	0	0	31	0	23	0	0	0	0	0	0	0	0	0
ASV8241	0	0	0	0	0	0	0	0	0	35	0	0	0	0	0	0	0	0	0	0	0
ASV8242	0	0	0	0	0	0	0	0	0	38	0	0	0	0	0	0	0	0	0	0	0
ASV8243	0	0	0	0	0	0	0	0	69	35	0	0	0	0	0	0	0	0	0	0	0
ASV8244	0	0	0	0	0	0	0	0	0	37	0	0	0	0	0	0	0	0	0	0	0
ASV8245	0	0	0	0	0	0	0	0	0	45	0	0	0	0	0	0	0	0	0	0	0
ASV8246	0	0	0	0	0	0	0	0	0	30	0	0	0	0	0	0	0	0	0	0	0
ASV8247	0	0	0	0	0	0	0	0	8	32	0	0	0	0	0	0	0	0	0	0	0
ASV8248	54	0	0	0	0	0	0	0	0	41	0	0	0	0	0	0	0	0	0	0	0
ASV8249	0	0	0	0	0	0	0	0	0	35	0	0	0	0	0	0	0	0	0	0	0
ASV8250	8	0	19	0	0	0	0	0	0	28	0	0	0	0	0	0	0	0	0	0	0
ASV8251	0	0	0	0	0	0	0	0	0	33	0	0	0	0	0	0	0	0	0	0	0
ASV8252	0	0	0	0	0	0	130	0	0	34	0	0	42	0	0	0	0	0	0	0	0
ASV8253	0	0	0	0	0	0	0	0	0	34	0	0	0	0	0	0	0	0	0	0	0
ASV8254	0	0	34	0	0	0	51	0	24	30	0	0	0	1	7	0	0	0	0	0	0
ASV8255	0	0	0	0	0	0	0	0	0	27	0	0	0	0	0	0	0	0	0	0	0
ASV8256	0	0	0	0	0	0	0	0	0	35	0	0	0	0	0	0	0	0	0	0	0
ASV8257	0	0	0	0	0	0	0	0	0	27	0	0	0	0	0	0	0	0	0	0	0
ASV8258	0	0	0	0	0	0	0	0	0	31	0	0	0	0	0	0	0	0	0	0	0
ASV8259	0	0	5	0	0	0	0	0	0	29	0	0	0	0	0	0	0	0	0	0	0
ASV8260	0	0	0	0	0	0	0	0	36	33	0	0	31	0	0	0	0	0	0	0	0
ASV8261	96	0	0	0	0	0	0	180	85	29	0	0	0	0	0	0	0	0	0	0	0
ASV8262	104	44	0	0	0	0	0	103	0	21	0	0	26	0	24	0	0	0	0	0	0
ASV8263	60	0	0	0	0	0	0	0	23	23	0	103	28	0	0	0	0	0	0	0	0
ASV8264	0	0	31	0	0	0	0	0	0	25	0	0	0	0	36	0	0	0	0	0	0
ASV8265	0	0	0	0	0	0	0	0	0	30	0	0	0	0	0	0	0	0	0	0	0
ASV8266	0	0	0	0	0	0	0	0	0	28	0	0	0	0	0	0	0	0	0	0	0
ASV8267	0	0	0	0	0	0	0	0	0	30	0	0	0	0	0	0	0	0	0	0	0
ASV8268	0	0	0	0	0	0	0	0	0	31	0	0	0	0	0	0	0	0	0	0	0
ASV8269	0	0	29	0	0	0	0	15	0	24	0	0	0	0	0	0	0	0	0	0	0
ASV8270	0	0	0	0	0	0	0	0	0	27	0	0	0	0	0	0	0	0	0	0	0
ASV8271	0	0	0	0	0	0	0	0	0	25	0	0	13	23	0	0	0	0	0	0	0
ASV8272	0	0	0	0	0	0	0	0	0	25	0	0	0	0	0	0	0	0	0	0	0
ASV8273	0	0	0	0	0	0	0	0	0	24	0	0	0	0	0	0	0	0	0	0	0
ASV8274	0	0	0	0	0	0	0	0	0	15	0	0	0	0	0	0	0	0	0	0	0
ASV8275	0	0	0	0	0	0	0	0	0	27	0	0	0	0	27	0	0	0	0	0	0
ASV8276	0	0	0	0	0	0	0	0	0	15	0	0	0	0	13	0	0	0	0	0	0
ASV8278	1	0	0	0	0	0	0	0	0	16	0	48	0	0	0	0	0	0	0	0	0
ASV8279	0	0	0	0	0	0	0	0	0	18	0	0	0	0	0	0	0	0	0	0	0
ASV8280	0	0	0	0	0	0	0	0	0	22	0	0	0	0	0	0	0	0	0	0	0
ASV8281	0	0	0	0	0	0	0	0	100	21	0	0	35	0	11	0	0	0	0	0	0
ASV8282	0	0	0	0	0	0	0	0	67	23	0	0	0	0	18	0	0	0	0	0	0
ASV8283	0	0	0	0	0	0	0	0	0	26	0	0	0	0	0	0	0	0	0	0	0
ASV8284	0	0	0	0	0	0	0	0	0	19	0	0	0	35	0	0	0	0	0	0	0
ASV8285	0	0	0	0	0	0	0	0	0	14	59	0	0	0	0	0	0	0	0	0	0
ASV8286	0	0	0	0	0	0	0	0	0	15	0	0	0	0	0	0	0	0	0	0	0
ASV8287	0	0	0	0	0	0	0	0	0	22	0	0	0	0	0	0	0	0	0	0	0
ASV8288	0	0	0	0	0	0	0	0	0	20	0	0	0	0	14	0	0	0	0	0	0
ASV8289	0	0	0	0	0	0	0	0	0	18	0	0	0	0	0	0	0	0	0	0	0
ASV8290	0	0	0	0	0	0	0	0	0	11	0	0	0	0	0	0	0	0	0	0	0
ASV8291	0	0	0	0	0	0	0	0	0	20	0	0	0	0	0	0	0	0	0	0	0
ASV8292	0	0	0	0	0	0	0	0	0	13	0	0	0	0	0	0	0	0	0	0	0
ASV8293	0	0	0	0	0	0	0	0	0	20	0	0	0	0	0	0	0	0	0	0	0
ASV8294	0	0	0	0	0	0	0	0	0	13	0	0	0	0	0	0	0	0	0	0	0
ASV8295	9	0	0	0	0	0	65	0	0	15	0	0	16	0	33	0	0	0	0	0	0
ASV8296	0	0	0	0	0	0	0	0	0	12	0	0	0	0	0	0	0	0	0	0	0
ASV8297	0	0	0	0	0	0	0	0	0	14	0	0	0	0	0	0	0	0	0	0	0
ASV8298	0	0	0	0	0	0	0	34	0	16	132	0	0	0	33	0	0	0	0	0	0
ASV8299	0	0	0	0	0	0	0	0	0	15	0	0	0	0	0	0	0	0	0	0	0
ASV8300	0	0	0	0	0	0	3	0	0	14	0	0	0	0	0	0	0	0	0	0	0
ASV8301	0	27	0	0	0	0	0	0	0	11	59	0	0	0	0	0	0	0	0	0	0
ASV8302	0	0	0	0	0	0	0	0	0	12	0	0	8	0	0	0	0	0	0	0	0
ASV8303	0	0	0	0	0	0	0	0	0	14	0	0	0	0	0	0	0	0	0	0	0
ASV8304	0	0	0	0	0	0	0	0	0	14	0	0	0	0	0	0	0	0	0	0	0
ASV8305	0	0	0	0	0	0	0	0	0	13	0	0	0	0	0	0	0	0	0	0	0
ASV8307	0	0	0	0	0	0	0	0	0	13	0	0	0	0	0	0	0	0	0	0	0
ASV8308	0	0	0	0	0	0	0	0	0	13	0	0	0	0	0	0	0	0	0	0	0
ASV8309	0	0	0	0	0	0	0	0	0	8	0	0	0	0	0	0	0	0	0	0	0
ASV8310	0	0	0	0	0	0	0	0	0	7	0	0	0	0	0	0	0	0	0	0	0
ASV8311	0	0	0	0	0	0	0	0	0	10	0	0	0	0	0	0	0	0	0	0	0
ASV8312	0	0	0	0	0	0	0	0	0	11	0	0	0	0	0	0	0	0	0	0	0
ASV8313	0	11	0	0	0	0	11	9	0	16	0	0	0	0	9	0	0	0	0	0	0
ASV8326	0	0	0	0	0	0	0	0	0	10	0	0	0	0	8	0	0	0	0	0	0
ASV8329	0	0	0	0	0	0	0	0	0	8	0	32	12	0	0	0	0	0	0	0	0
ASV8339	0	0	0	0	0	0	0	0	0	9	0	0	0	0	7	0	0	0	0	0	0
ASV8342	0	14	0	0	0	0	0	64	21	7	0	0	0	0	0	0	0	0	0	0	0
ASV8361	0	0	0	0	0	0	0	0	0	4	0	0	0	21	0	0	0	0	0	0	0
ASV8390	0	0	56	0	0	0	5	0	0	5	0	0	0	0	0	0	0	0	0	0	0
ASV8399	0	6	0	0	0	0	0	0	0	5	0	0	4	0	0	0	0	0	0	0	0
ASV8402	0	0	0	0	0	0	0	0	8	4	0	0	0	12	0	0	0	0	0	0	0
ASV8442	0	0	0	0	0	0	0	0	25	2	0	0	5	0	20	0	0	0	0	0	0
ASV8492	0	0	1	0	0	0	0	0	32	3	0	0	152	0	1	0	0	0	0	0	0
ASV8499	0	0	0	0	0	0	0	0	0	1	0	0	70	0	0	0	0	0	0	0	0
ASV8505	18	0	0	0	0	0	0	0	0	3	0	0	0	0	0	0	0	0	0	0	0
ASV8516	0	2	2	0	0	0	0	4	0	2	0	3	0	0	0	0	0	0	0	0	0
ASV8576	0	0	149	0	0	0	0	0	0	0	0	0	0	0	0	0	0	0	0	0	0
ASV8722	0	0	0	0	0	0	0	0	0	1	0	0	18	0	0	0	0	0	0	0	0
ASV8760	0	0	0	0	0	0	0	65	0	1	0	0	0	0	12	0	0	0	0	0	0
ASV8778	0	0	0	0	0	0	0	0	0	1	0	37	0	0	0	0	0	0	0	0	0
ASV9117	0	0	0	0	0	0	0	0	0	0	381	0	0	0	0	0	0	0	0	0	0
ASV9118	0	0	0	0	0	0	0	0	0	0	392	0	0	0	0	0	0	0	0	0	0
ASV9119	0	0	0	0	0	0	0	0	0	0	373	0	0	0	0	0	0	0	0	0	0
ASV9120	0	0	0	0	0	0	0	0	0	0	291	0	0	0	0	0	0	0	0	0	0
ASV9121	0	0	0	0	0	0	0	0	0	0	281	0	0	0	0	0	0	0	0	0	0
ASV9122	0	0	0	0	0	0	0	0	0	0	268	0	0	0	0	0	0	0	0	0	0
ASV9123	0	0	0	0	0	0	0	0	0	0	272	0	0	0	0	0	0	0	0	0	0
ASV9124	0	0	0	0	0	0	0	0	0	0	256	0	0	0	0	0	0	0	0	0	0
ASV9125	0	0	0	0	0	0	0	0	0	0	232	0	0	0	0	0	0	0	0	0	0
ASV9126	0	0	0	0	0	0	0	0	0	0	178	0	0	0	0	0	0	0	0	0	0
ASV9127	0	0	0	0	0	0	0	0	0	0	150	0	0	0	0	0	0	0	0	0	0
ASV9128	0	0	0	0	0	0	0	0	0	0	141	0	0	0	0	0	0	0	0	0	0
ASV9129	0	0	0	0	0	0	0	0	0	0	112	0	0	0	0	0	0	0	0	0	0
ASV9130	0	0	0	0	0	0	0	0	0	0	117	0	20	0	0	0	0	0	0	0	0
ASV9131	46	0	0	0	0	0	0	0	0	0	99	0	0	0	0	0	0	0	0	0	0
ASV9132	0	0	0	0	0	0	0	0	0	0	92	0	0	0	0	0	0	0	0	0	0
ASV9133	4	0	9	0	0	0	0	0	0	0	83	0	0	0	0	0	0	0	0	0	0
ASV9134	0	0	0	0	0	0	0	0	0	0	86	0	0	0	0	0	0	0	0	0	0
ASV9135	0	0	0	0	0	0	0	0	0	0	81	0	0	0	0	0	0	0	0	0	0
ASV9136	0	0	20	0	0	0	0	0	0	0	70	0	0	0	3	0	0	0	0	0	0
ASV9137	0	0	0	0	0	0	0	0	0	0	58	0	0	0	0	0	0	0	0	0	0
ASV9138	0	0	0	0	0	0	0	0	0	0	66	0	0	0	0	0	0	0	0	0	0
ASV9139	0	0	0	0	0	0	0	0	0	0	57	0	0	0	0	0	0	0	0	0	0
ASV9140	0	0	0	0	0	0	0	0	0	0	48	0	0	0	0	0	0	0	0	0	0
ASV9141	0	0	0	0	0	0	0	0	0	0	49	0	0	0	0	0	0	0	0	0	0
ASV9142	0	0	0	0	0	0	0	0	0	0	51	0	0	0	0	0	0	0	0	0	0
ASV9143	0	0	0	0	0	0	0	4	0	0	48	0	0	0	0	0	0	0	0	0	0
ASV9144	1	0	0	0	0	0	0	0	114	0	46	0	12	0	0	0	0	0	0	0	0
ASV9145	0	0	0	0	0	0	0	0	0	0	39	0	0	0	0	0	0	0	0	0	0
ASV9146	0	0	0	0	0	0	0	0	0	0	36	0	0	0	0	0	0	0	0	0	0
ASV9147	0	0	0	0	0	0	0	0	0	0	26	0	0	0	0	0	0	0	0	0	0
ASV9148	0	0	0	0	0	0	0	0	0	0	23	0	0	0	0	0	0	0	0	0	0
ASV9149	32	0	0	0	0	0	0	0	0	0	22	0	0	0	0	0	0	0	0	0	0
ASV9150	0	0	0	0	0	0	0	0	0	0	21	0	0	0	0	0	0	0	0	0	0
ASV9151	0	0	0	0	0	0	0	0	0	0	19	0	0	6	0	0	0	0	0	0	0
ASV9152	0	0	28	0	0	0	0	0	0	0	19	5	0	0	0	0	0	0	0	0	0
ASV9156	0	0	0	0	0	0	0	0	0	0	14	11	19	0	0	0	0	0	0	0	0
ASV9159	0	11	0	0	0	0	0	0	0	0	9	0	8	0	0	0	0	0	0	0	0
ASV9176	0	0	0	0	0	0	0	0	0	0	4	0	12	0	0	0	0	0	0	0	0
ASV9209	0	0	0	0	0	0	0	0	0	0	1	0	0	0	135	0	0	0	0	0	0
ASV9275	8	0	0	0	0	0	0	0	0	0	1	65	0	0	0	0	0	0	0	0	0
ASV9435	0	0	0	0	0	0	0	0	0	0	0	954	0	0	0	0	0	0	0	0	0
ASV9436	0	92	0	0	0	0	0	0	0	0	0	146	0	0	0	0	0	0	0	0	0
ASV9437	0	0	0	0	0	0	0	0	0	0	0	154	0	0	0	0	0	0	0	0	0
ASV9438	0	0	0	0	0	0	0	0	0	0	0	127	0	0	0	0	0	0	0	0	0
ASV9439	0	0	0	0	0	0	0	0	0	0	0	108	0	0	0	0	0	0	0	0	0
ASV9440	107	0	0	0	0	0	57	0	0	0	0	106	16	0	0	0	0	0	0	0	0
ASV9441	0	0	0	0	0	0	0	0	0	0	0	97	0	54	0	0	0	0	0	0	0
ASV9442	86	0	243	0	0	0	204	0	0	0	0	96	0	0	0	0	0	0	0	0	0
ASV9443	0	0	0	0	0	0	45	26	0	0	0	80	0	64	0	0	0	0	0	0	0
ASV9444	0	0	0	0	0	0	0	0	0	0	0	89	0	0	0	0	0	0	0	0	0
ASV9445	0	0	0	0	0	0	54	0	0	0	0	80	0	0	0	0	0	0	0	0	0
ASV9446	0	0	0	0	0	0	0	0	0	0	0	80	0	0	54	0	0	0	0	0	0
ASV9447	0	0	0	0	0	0	214	0	0	0	0	82	0	0	0	0	0	0	0	0	0
ASV9448	0	0	0	0	0	0	0	0	248	0	0	79	0	0	0	0	0	0	0	0	0
ASV9449	0	0	0	0	0	0	0	0	0	0	0	72	0	0	0	0	0	0	0	0	0
ASV9450	91	0	0	0	0	0	0	0	0	0	0	72	0	0	0	0	0	0	0	0	0
ASV9451	0	0	47	0	0	0	0	0	0	0	0	63	0	0	0	0	0	0	0	0	0
ASV9452	0	0	0	0	0	0	0	0	0	0	0	65	0	0	0	0	0	0	0	0	0
ASV9453	0	0	0	0	0	0	0	0	0	0	0	67	0	0	0	0	0	0	0	0	0
ASV9454	0	0	0	0	0	0	127	0	0	0	0	60	155	61	0	0	0	0	0	0	0
ASV9455	0	0	0	0	0	0	0	0	0	0	0	54	0	0	0	0	0	0	0	0	0
ASV9456	0	0	0	0	0	0	0	0	0	0	0	61	0	0	0	0	0	0	0	0	0
ASV9457	0	0	0	0	0	0	0	0	0	0	0	56	0	0	0	0	0	0	0	0	0
ASV9458	0	0	0	0	0	0	62	0	0	0	0	54	0	46	0	0	0	0	0	0	0
ASV9459	0	0	0	0	0	0	0	0	0	0	0	52	0	0	0	0	0	0	0	0	0
ASV9460	0	0	0	0	0	0	0	0	0	0	0	55	0	0	0	0	0	0	0	0	0
ASV9461	0	0	0	0	0	0	0	0	0	0	0	49	0	0	0	0	0	0	0	0	0
ASV9462	0	0	0	0	0	0	119	2	0	0	0	55	15	0	8	0	0	0	0	0	0
ASV9463	0	0	0	0	0	0	0	0	0	0	0	49	0	0	0	0	0	0	0	0	0
ASV9464	0	0	0	0	0	0	0	0	0	0	0	51	0	0	0	0	0	0	0	0	0
ASV9465	0	0	0	0	0	0	0	0	0	0	0	40	0	0	0	0	0	0	0	0	0
ASV9466	0	0	0	0	0	0	0	0	0	0	0	42	0	0	0	0	0	0	0	0	0
ASV9467	0	0	0	0	0	0	0	0	0	0	0	45	0	0	0	0	0	0	0	0	0
ASV9468	0	0	0	0	0	0	0	0	0	0	0	39	9	20	0	0	0	0	0	0	0
ASV9469	0	0	0	0	0	0	0	0	0	0	0	40	0	0	0	0	0	0	0	0	0
ASV9470	0	0	0	0	0	0	0	0	0	0	0	41	0	49	0	0	0	0	0	0	0
ASV9471	0	0	46	0	0	0	0	0	0	0	0	41	16	0	0	0	0	0	0	0	0
ASV9472	0	14	0	0	0	0	50	0	0	0	0	40	0	0	27	0	0	0	0	0	0
ASV9473	0	0	0	0	0	0	0	0	0	0	0	39	0	0	0	0	0	0	0	0	0
ASV9474	0	0	0	0	0	0	0	0	0	0	0	36	0	30	0	0	0	0	0	0	0
ASV9475	0	0	0	0	0	0	0	0	0	0	0	40	0	0	8	0	0	0	0	0	0
ASV9476	22	0	0	0	0	0	0	0	0	0	0	35	0	21	23	0	0	0	0	0	0
ASV9477	0	0	0	0	0	0	0	0	0	0	0	34	25	0	4	0	0	0	0	0	0
ASV9479	12	0	0	0	0	0	0	0	0	0	0	35	0	36	41	0	0	0	0	0	0
ASV9480	0	0	0	0	0	0	0	0	0	0	0	31	0	0	0	0	0	0	0	0	0
ASV9481	0	0	0	0	0	0	0	0	0	0	0	34	0	0	0	0	0	0	0	0	0
ASV9482	0	0	0	0	0	0	1	0	0	0	0	33	0	0	0	0	0	0	0	0	0
ASV9483	0	0	0	0	0	0	0	0	0	0	0	32	0	0	0	0	0	0	0	0	0
ASV9484	10	0	0	0	0	0	0	0	0	0	0	30	0	0	0	0	0	0	0	0	0
ASV9485	0	32	27	0	0	0	0	0	0	0	0	30	0	0	0	0	0	0	0	0	0
ASV9486	0	0	0	0	0	0	0	0	0	0	0	28	0	0	0	0	0	0	0	0	0
ASV9487	0	0	0	0	0	0	0	0	0	0	0	26	0	0	0	0	0	0	0	0	0
ASV9488	0	0	0	0	0	0	0	0	0	0	0	30	0	0	0	0	0	0	0	0	0
ASV9489	0	0	0	0	0	0	0	0	0	0	0	24	0	0	0	0	0	0	0	0	0
ASV9490	0	0	0	0	0	0	0	0	0	0	0	23	0	0	0	0	0	0	0	0	0
ASV9491	0	0	0	0	0	0	21	0	1	0	0	24	3	0	0	0	0	0	0	0	0
ASV9492	0	0	0	0	0	0	0	0	0	0	0	19	0	0	0	0	0	0	0	0	0
ASV9494	0	0	0	0	0	0	0	0	0	0	0	21	0	0	0	0	0	0	0	0	0
ASV9495	0	0	0	0	0	0	0	0	17	0	0	22	0	0	0	0	0	0	0	0	0
ASV9496	0	0	0	0	0	0	0	0	0	0	0	24	0	44	0	0	0	0	0	0	0
ASV9497	0	0	0	0	0	0	0	0	0	0	0	18	0	0	0	0	0	0	0	0	0
ASV9498	0	0	0	0	0	0	0	0	0	0	0	19	0	0	0	0	0	0	0	0	0
ASV9499	0	0	0	0	0	0	0	0	0	0	0	18	0	0	0	0	0	0	0	0	0
ASV9500	0	0	0	0	0	0	0	0	0	0	0	17	0	0	0	0	0	0	0	0	0
ASV9501	0	0	0	0	0	0	0	0	11	0	0	17	0	0	0	0	0	0	0	0	0
ASV9502	0	0	0	0	0	0	0	0	26	0	0	13	0	0	0	0	0	0	0	0	0
ASV9512	0	0	0	0	0	0	0	0	0	0	0	10	11	0	0	0	0	0	0	0	0
ASV9521	0	0	0	0	0	0	0	12	0	0	0	9	8	54	7	0	0	0	0	0	0
ASV9531	0	0	0	0	0	0	0	0	0	0	0	7	38	0	0	0	0	0	0	0	0
ASV9673	0	0	0	0	0	0	0	0	85	0	0	2	27	0	0	0	0	0	0	0	0
ASV9989	0	0	0	0	0	0	0	0	0	0	0	0	197	0	0	0	0	0	0	0	0
ASV9990	0	0	0	0	0	0	0	0	0	0	0	0	166	0	0	0	0	0	0	0	0
ASV9991	0	0	0	0	0	0	0	0	0	0	0	0	138	0	97	0	0	0	0	0	0
ASV9992	0	0	0	0	0	0	0	318	0	0	0	0	114	0	0	0	0	0	0	0	0
ASV9993	0	0	0	0	0	0	0	0	0	0	0	0	88	0	0	0	0	0	0	0	0
ASV9994	0	0	0	0	0	0	0	0	0	0	0	0	93	0	0	0	0	0	0	0	0
ASV9995	0	0	0	0	0	0	0	0	0	0	0	0	74	0	0	0	0	0	0	0	0
ASV9996	0	0	0	0	0	0	0	0	0	0	0	0	78	0	0	0	0	0	0	0	0
ASV9997	0	0	0	0	0	0	0	0	0	0	0	0	86	0	0	0	0	0	0	0	0
ASV9998	0	0	0	0	0	0	0	0	0	0	0	0	71	69	0	0	0	0	0	0	0
ASV9999	0	0	0	0	0	0	0	0	1	0	0	0	70	0	11	0	0	0	0	0	0
ASV10000	0	0	0	0	0	0	0	0	0	0	0	0	65	0	0	0	0	0	0	0	0
ASV10001	0	0	0	0	0	0	0	0	0	0	0	0	74	0	0	0	0	0	0	0	0
ASV10002	0	0	0	0	0	0	0	0	0	0	0	0	57	0	0	0	0	0	0	0	0
ASV10003	0	0	0	0	0	0	0	0	0	0	0	0	67	0	0	0	0	0	0	0	0
ASV10004	0	0	0	0	0	0	0	0	0	0	0	0	49	0	0	0	0	0	0	0	0
ASV10005	0	0	0	0	0	0	0	0	0	0	0	0	47	0	0	0	0	0	0	0	0
ASV10006	0	0	0	0	0	0	0	0	0	0	0	0	46	0	0	0	0	0	0	0	0
ASV10007	0	0	0	0	0	0	0	0	0	0	0	0	54	0	0	0	0	0	0	0	0
ASV10008	0	0	0	0	0	0	0	0	0	0	0	0	52	0	0	0	0	0	0	0	0
ASV10009	0	218	0	0	0	0	0	0	0	0	0	0	53	6	0	0	0	0	0	0	0
ASV10010	0	0	0	0	0	0	0	0	0	0	0	0	43	0	0	0	0	0	0	0	0
ASV10012	0	0	0	0	0	0	0	0	14	0	0	0	54	0	33	0	0	0	0	0	0
ASV10013	36	0	0	0	0	0	0	126	0	0	0	0	52	0	0	0	0	0	0	0	0
ASV10014	0	0	0	0	0	0	0	0	0	0	0	0	52	0	70	0	0	0	0	0	0
ASV10015	0	0	0	0	0	0	0	0	0	0	0	0	50	0	0	0	0	0	0	0	0
ASV10016	430	0	0	0	0	0	0	0	0	0	0	0	45	0	0	0	0	0	0	0	0
ASV10017	0	0	0	0	0	0	0	0	0	0	0	0	50	0	0	0	0	0	0	0	0
ASV10018	0	0	0	0	0	0	0	0	0	0	0	0	40	0	0	0	0	0	0	0	0
ASV10019	0	1	0	0	0	0	0	0	0	0	0	0	48	0	0	0	0	0	0	0	0
ASV10020	0	0	0	0	0	0	0	0	0	0	0	0	41	0	0	0	0	0	0	0	0
ASV10021	0	0	0	0	0	0	0	0	0	0	0	0	32	0	0	0	0	0	0	0	0
ASV10022	0	0	0	0	0	0	0	0	0	0	0	0	32	0	0	0	0	0	0	0	0
ASV10023	0	0	0	0	0	0	0	0	0	0	0	0	34	0	0	0	0	0	0	0	0
ASV10024	0	0	0	0	0	0	0	0	0	0	0	0	35	0	0	0	0	0	0	0	0
ASV10025	0	0	0	0	0	0	0	0	0	0	0	0	33	0	0	0	0	0	0	0	0
ASV10026	0	0	0	0	0	0	0	0	0	0	0	0	38	0	0	0	0	0	0	0	0
ASV10027	0	0	0	0	0	0	0	0	8	0	0	0	35	0	0	0	0	0	0	0	0
ASV10028	0	0	0	0	0	0	0	0	0	0	0	0	28	0	0	0	0	0	0	0	0
ASV10029	0	0	0	0	0	0	0	0	0	0	0	0	35	0	21	0	0	0	0	0	0
ASV10030	0	0	0	0	0	0	0	0	0	0	0	0	28	0	0	0	0	0	0	0	0
ASV10031	0	0	0	0	0	0	4	0	0	0	0	0	31	0	0	0	0	0	0	0	0
ASV10032	0	0	0	0	0	0	0	0	0	0	0	0	32	0	0	0	0	0	0	0	0
ASV10033	0	0	0	0	0	0	0	0	0	0	0	0	30	0	0	0	0	0	0	0	0
ASV10034	0	0	0	0	0	0	0	0	0	0	0	0	33	0	0	0	0	0	0	0	0
ASV10035	0	0	0	0	0	0	0	0	0	0	0	0	31	0	0	0	0	0	0	0	0
ASV10036	0	0	0	0	0	0	0	0	0	0	0	0	27	0	0	0	0	0	0	0	0
ASV10037	0	0	0	0	0	0	0	0	0	0	0	0	32	0	11	0	0	0	0	0	0
ASV10038	0	0	0	0	0	0	0	0	0	0	0	0	33	0	0	0	0	0	0	0	0
ASV10039	0	0	0	0	0	0	0	0	0	0	0	0	26	0	0	0	0	0	0	0	0
ASV10041	0	0	0	0	0	0	0	0	0	0	0	0	22	1	0	0	0	0	0	0	0
ASV10042	0	0	0	0	0	0	83	0	0	0	0	0	18	0	80	0	0	0	0	0	0
ASV10043	0	0	0	0	0	0	0	0	0	0	0	0	28	0	0	0	0	0	0	0	0
ASV10044	0	0	0	0	0	0	0	0	0	0	0	0	23	0	20	0	0	0	0	0	0
ASV10045	0	0	0	0	0	0	0	0	0	0	0	0	25	0	0	0	0	0	0	0	0
ASV10046	0	0	0	0	0	0	0	0	0	0	0	0	23	0	0	0	0	0	0	0	0
ASV10048	0	0	0	0	0	0	0	0	0	0	0	0	23	0	0	0	0	0	0	0	0
ASV10049	0	0	0	0	0	0	0	0	0	0	0	0	24	0	0	0	0	0	0	0	0
ASV10050	0	0	0	0	0	0	0	0	0	0	0	0	23	0	0	0	0	0	0	0	0
ASV10051	0	0	0	0	0	0	0	0	0	0	0	0	26	0	0	0	0	0	0	0	0
ASV10052	0	0	166	0	0	0	0	0	0	0	0	0	20	0	0	0	0	0	0	0	0
ASV10053	0	0	0	0	0	0	0	0	0	0	0	0	22	0	0	0	0	0	0	0	0
ASV10054	0	0	0	0	0	0	0	0	0	0	0	0	23	9	0	0	0	0	0	0	0
ASV10055	0	0	0	0	0	0	0	0	0	0	0	0	22	0	0	0	0	0	0	0	0
ASV10056	0	1	0	0	0	0	0	0	0	0	0	0	29	0	45	0	0	0	0	0	0
ASV10057	0	80	86	0	0	0	0	0	0	0	0	0	26	0	0	0	0	0	0	0	0
ASV10058	0	0	0	0	0	0	0	0	61	0	0	0	20	0	0	0	0	0	0	0	0
ASV10059	0	0	0	0	0	0	0	0	0	0	0	0	26	0	0	0	0	0	0	0	0
ASV10060	0	0	0	0	0	0	0	0	0	0	0	0	22	0	0	0	0	0	0	0	0
ASV10061	0	0	0	0	0	0	0	0	0	0	0	0	15	0	0	0	0	0	0	0	0
ASV10062	0	0	0	0	0	0	0	0	0	0	0	0	15	0	0	0	0	0	0	0	0
ASV10063	12	0	0	0	0	0	0	0	0	0	0	0	26	0	0	0	0	0	0	0	0
ASV10064	0	0	0	0	0	0	0	0	0	0	0	0	18	0	0	0	0	0	0	0	0
ASV10065	0	0	0	0	0	0	0	0	0	0	0	0	22	0	0	0	0	0	0	0	0
ASV10066	0	0	0	0	0	0	0	0	0	0	0	0	21	0	0	0	0	0	0	0	0
ASV10067	0	0	0	0	0	0	0	0	0	0	0	0	20	0	0	0	0	0	0	0	0
ASV10068	0	0	0	0	0	0	0	0	0	0	0	0	15	0	0	0	0	0	0	0	0
ASV10069	0	0	0	0	0	0	0	0	225	0	0	0	19	0	0	0	0	0	0	0	0
ASV10070	0	0	0	0	0	0	0	9	0	0	0	0	18	0	0	0	0	0	0	0	0
ASV10071	0	0	0	0	0	0	0	0	0	0	0	0	24	0	0	0	0	0	0	0	0
ASV10072	0	0	0	0	0	0	0	0	0	0	0	0	17	0	0	0	0	0	0	0	0
ASV10073	0	0	0	0	0	0	0	0	0	0	0	0	17	0	0	0	0	0	0	0	0
ASV10074	0	0	0	0	0	0	0	0	0	0	0	0	15	0	0	0	0	0	0	0	0
ASV10075	69	0	0	0	0	0	0	0	0	0	0	0	20	0	0	0	0	0	0	0	0
ASV10076	0	21	0	0	0	0	0	0	0	0	0	0	18	0	0	0	0	0	0	0	0
ASV10077	0	0	0	0	0	0	0	0	0	0	0	0	13	0	0	0	0	0	0	0	0
ASV10078	92	0	0	0	0	0	0	78	0	0	0	0	13	0	0	0	0	0	0	0	0
ASV10079	0	0	0	0	0	0	0	0	0	0	0	0	12	0	0	0	0	0	0	0	0
ASV10080	0	0	0	0	0	0	0	0	0	0	0	0	6	0	0	0	0	0	0	0	0
ASV10081	0	0	0	0	0	0	0	0	0	0	0	0	15	0	0	0	0	0	0	0	0
ASV10082	0	0	0	0	0	0	0	13	0	0	0	0	14	0	0	0	0	0	0	0	0
ASV10083	0	0	0	0	0	0	0	0	0	0	0	0	12	0	0	0	0	0	0	0	0
ASV10084	0	0	0	0	0	0	0	0	0	0	0	0	12	0	0	0	0	0	0	0	0
ASV10085	0	0	0	0	0	0	0	0	0	0	0	0	10	0	0	0	0	0	0	0	0
ASV10087	27	0	0	0	0	0	0	0	0	0	0	0	14	0	0	0	0	0	0	0	0
ASV10088	0	0	0	0	0	0	0	0	0	0	0	0	12	0	0	0	0	0	0	0	0
ASV10089	0	0	0	0	0	0	0	0	0	0	0	0	14	0	0	0	0	0	0	0	0
ASV10090	0	0	0	0	0	0	0	0	0	0	0	0	11	0	0	0	0	0	0	0	0
ASV10091	0	0	0	0	0	0	0	0	0	0	0	0	10	0	0	0	0	0	0	0	0
ASV10092	120	0	0	0	0	0	0	0	0	0	0	0	12	0	0	0	0	0	0	0	0
ASV10093	0	0	0	0	0	0	0	0	0	0	0	0	8	0	0	0	0	0	0	0	0
ASV10094	0	0	0	0	0	0	0	0	0	0	0	0	13	0	22	0	0	0	0	0	0
ASV10096	0	0	19	0	0	0	0	0	0	0	0	0	5	0	0	0	0	0	0	0	0
ASV10097	0	0	0	0	0	0	0	0	0	0	0	0	12	0	0	0	0	0	0	0	0
ASV10098	0	0	0	0	0	0	0	0	0	0	0	0	9	0	0	0	0	0	0	0	0
ASV10102	0	0	0	0	0	0	0	0	0	0	0	0	8	29	1	0	0	0	0	0	0
ASV10120	0	0	0	0	0	0	0	0	27	0	0	0	11	0	0	0	0	0	0	0	0
ASV10127	0	0	0	0	0	0	12	0	0	0	0	0	6	5	0	0	0	0	0	0	0
ASV10152	0	0	0	0	0	0	0	0	0	0	0	0	1	63	0	0	0	0	0	0	0
ASV10154	0	0	0	0	0	0	0	19	0	0	0	0	2	0	0	0	0	0	0	0	0
ASV10526	20	0	0	0	0	0	0	0	0	0	0	0	0	0	0	0	0	0	0	0	0
ASV10765	0	0	0	0	0	0	0	0	0	0	0	0	0	255	0	0	0	0	0	0	0
ASV10766	0	0	0	0	0	0	0	0	0	0	0	0	0	230	0	0	0	0	0	0	0
ASV10767	0	0	0	0	0	0	0	0	0	0	0	0	0	168	0	0	0	0	0	0	0
ASV10768	0	0	0	0	0	0	0	0	0	0	0	0	0	162	0	0	0	0	0	0	0
ASV10769	0	0	0	0	0	0	0	0	0	0	0	0	0	143	0	0	0	0	0	0	0
ASV10770	0	0	0	0	0	0	0	0	0	0	0	0	0	148	0	0	0	0	0	0	0
ASV10771	0	0	0	0	0	0	0	0	0	0	0	0	0	125	0	0	0	0	0	0	0
ASV10772	0	0	0	0	0	0	0	0	0	0	0	0	0	134	0	0	0	0	0	0	0
ASV10773	0	80	0	0	0	0	0	0	0	0	0	0	0	94	0	0	0	0	0	0	0
ASV10774	0	0	0	0	0	0	0	0	0	0	0	0	0	87	0	0	0	0	0	0	0
ASV10775	0	0	0	0	0	0	0	0	0	0	0	0	0	95	0	0	0	0	0	0	0
ASV10776	0	0	0	0	0	0	0	0	0	0	0	0	0	91	0	0	0	0	0	0	0
ASV10777	0	0	0	0	0	0	0	0	0	0	0	0	0	91	0	0	0	0	0	0	0
ASV10778	0	0	0	0	0	0	0	0	0	0	0	0	0	87	0	0	0	0	0	0	0
ASV10779	0	0	0	0	0	0	0	0	0	0	0	0	0	89	0	0	0	0	0	0	0
ASV10780	0	0	0	0	0	0	0	0	0	0	0	0	0	92	0	0	0	0	0	0	0
ASV10781	0	0	0	0	0	0	0	0	0	0	0	0	0	85	0	0	0	0	0	0	0
ASV10782	0	0	0	0	0	0	0	0	0	0	0	0	0	65	0	0	0	0	0	0	0
ASV10783	0	0	0	0	0	0	0	0	0	0	0	0	0	69	0	0	0	0	0	0	0
ASV10784	0	0	0	0	0	0	0	113	0	0	0	0	0	75	0	0	0	0	0	0	0
ASV10785	0	0	0	0	0	0	0	0	0	0	0	0	0	76	0	0	0	0	0	0	0
ASV10786	0	0	0	0	0	0	0	0	0	0	0	0	0	68	0	0	0	0	0	0	0
ASV10787	0	0	0	0	0	0	0	0	0	0	0	0	0	60	0	0	0	0	0	0	0
ASV10788	0	0	96	0	0	0	0	0	0	0	0	0	0	70	0	0	0	0	0	0	0
ASV10789	0	0	0	0	0	0	0	0	0	0	0	0	0	70	0	0	0	0	0	0	0
ASV10790	0	0	0	0	0	0	0	0	0	0	0	0	0	54	0	0	0	0	0	0	0
ASV10791	0	0	0	0	0	0	0	0	0	0	0	0	0	61	0	0	0	0	0	0	0
ASV10792	0	0	0	0	0	0	0	0	0	0	0	0	0	64	0	0	0	0	0	0	0
ASV10793	0	0	0	0	0	0	0	0	0	0	0	0	0	59	0	0	0	0	0	0	0
ASV10794	0	0	0	0	0	0	0	0	0	0	0	0	0	49	0	0	0	0	0	0	0
ASV10795	0	0	0	0	0	0	0	0	0	0	0	0	0	48	0	0	0	0	0	0	0
ASV10796	0	0	0	0	0	0	0	0	0	0	0	0	0	51	0	0	0	0	0	0	0
ASV10797	0	0	0	0	0	0	0	0	0	0	0	0	0	47	0	0	0	0	0	0	0
ASV10798	0	0	0	0	0	0	0	0	0	0	0	0	0	40	0	0	0	0	0	0	0
ASV10799	0	0	0	0	0	0	0	0	0	0	0	0	0	46	16	0	0	0	0	0	0
ASV10800	0	0	0	0	0	0	0	0	0	0	0	0	0	42	0	0	0	0	0	0	0
ASV10801	0	0	0	0	0	0	0	0	0	0	0	0	0	43	0	0	0	0	0	0	0
ASV10802	0	0	0	0	0	0	0	0	0	0	0	0	0	45	124	0	0	0	0	0	0
ASV10803	0	0	0	0	0	0	0	0	0	0	0	0	0	40	0	0	0	0	0	0	0
ASV10804	0	0	0	0	0	0	0	0	0	0	0	0	0	39	0	0	0	0	0	0	0
ASV10805	0	0	19	0	0	0	0	0	0	0	0	0	0	42	0	0	0	0	0	0	0
ASV10806	0	0	0	0	0	0	0	0	0	0	0	0	0	30	0	0	0	0	0	0	0
ASV10807	0	0	0	0	0	0	0	0	0	0	0	0	0	34	0	0	0	0	0	0	0
ASV10808	0	0	0	0	0	0	0	24	0	0	0	0	0	33	15	0	0	0	0	0	0
ASV10809	0	0	0	0	0	0	0	0	0	0	0	0	0	36	0	0	0	0	0	0	0
ASV10810	0	0	0	0	0	0	0	0	0	0	0	0	0	26	0	0	0	0	0	0	0
ASV10811	0	0	0	0	0	0	0	0	0	0	0	0	0	35	0	0	0	0	0	0	0
ASV10812	0	0	0	0	0	0	0	0	0	0	0	0	0	30	0	0	0	0	0	0	0
ASV10813	0	0	0	0	0	0	0	0	0	0	0	0	0	28	0	0	0	0	0	0	0
ASV10814	0	0	0	0	0	0	0	0	0	0	0	0	0	31	0	0	0	0	0	0	0
ASV10815	0	0	0	0	0	0	0	0	0	0	0	0	0	31	0	0	0	0	0	0	0
ASV10816	0	0	0	0	0	0	0	0	0	0	0	0	0	32	0	0	0	0	0	0	0
ASV10817	0	0	0	0	0	0	0	0	0	0	0	0	0	30	0	0	0	0	0	0	0
ASV10818	0	0	0	0	0	0	0	0	0	0	0	0	0	24	0	0	0	0	0	0	0
ASV10819	0	0	0	0	0	0	0	0	0	0	0	0	0	24	0	0	0	0	0	0	0
ASV10820	0	0	0	0	0	0	0	0	0	0	0	0	0	19	0	0	0	0	0	0	0
ASV10821	0	0	0	0	0	0	0	0	0	0	0	0	0	21	0	0	0	0	0	0	0
ASV10822	0	0	0	0	0	0	0	0	0	0	0	0	0	21	0	0	0	0	0	0	0
ASV10823	0	0	0	0	0	0	0	0	0	0	0	0	0	22	0	0	0	0	0	0	0
ASV10824	0	0	0	0	0	0	0	0	0	0	0	0	0	23	0	0	0	0	0	0	0
ASV10825	0	0	0	0	0	0	0	0	0	0	0	0	0	18	0	0	0	0	0	0	0
ASV10826	0	0	0	0	0	0	0	0	0	0	0	0	0	14	0	0	0	0	0	0	0
ASV10827	0	0	0	0	0	0	0	0	0	0	0	0	0	18	0	0	0	0	0	0	0
ASV10828	0	0	0	0	0	0	0	0	0	0	0	0	0	9	0	0	0	0	0	0	0
ASV10829	0	0	0	0	0	0	1	0	0	0	0	0	0	10	0	0	0	0	0	0	0
ASV10832	0	0	0	0	0	0	0	0	9	0	0	0	0	6	0	0	0	0	0	0	0
ASV11050	0	0	0	0	0	0	0	1	0	0	0	0	0	1	23	0	0	0	0	0	0
ASV11217	48	0	0	0	0	0	0	0	0	0	0	0	0	0	0	0	0	0	0	0	0
ASV11296	423	0	0	0	0	0	0	0	0	0	0	0	0	0	0	0	0	0	0	0	0
ASV11297	147	0	0	0	0	0	0	1	0	0	0	0	0	0	0	0	0	0	0	0	0
ASV11298	130	0	0	0	0	0	0	0	0	0	0	0	0	0	0	0	0	0	0	0	0
ASV11299	125	0	0	0	0	0	0	0	0	0	0	0	0	0	0	0	0	0	0	0	0
ASV11300	128	0	96	0	0	0	0	0	0	0	0	0	0	0	0	0	0	0	0	0	0
ASV11301	106	0	0	0	0	0	0	0	0	0	0	0	0	0	0	0	0	0	0	0	0
ASV11302	104	0	0	0	0	0	0	0	0	0	0	0	0	0	0	0	0	0	0	0	0
ASV11303	101	0	0	0	0	0	0	0	0	0	0	0	0	0	0	0	0	0	0	0	0
ASV11304	108	0	0	0	0	0	0	0	0	0	0	0	0	0	0	0	0	0	0	0	0
ASV11305	103	0	0	0	0	0	0	0	0	0	0	0	0	0	0	0	0	0	0	0	0
ASV11306	98	0	0	0	0	0	0	0	0	0	0	0	0	0	0	0	0	0	0	0	0
ASV11307	92	0	0	0	0	0	0	0	0	0	0	0	0	0	0	0	0	0	0	0	0
ASV11308	90	0	0	0	0	0	0	0	0	0	0	0	0	0	0	0	0	0	0	0	0
ASV11309	78	0	0	0	0	0	0	0	0	0	0	0	0	0	0	0	0	0	0	0	0
ASV11310	88	0	0	0	0	0	0	71	0	0	0	0	0	0	0	0	0	0	0	0	0
ASV11311	85	0	0	0	0	0	14	0	0	0	0	0	0	0	3	0	0	0	0	0	0
ASV11312	64	0	0	0	0	0	0	0	0	0	0	0	0	0	0	0	0	0	0	0	0
ASV11313	60	0	0	0	0	0	0	0	0	0	0	0	0	0	0	0	0	0	0	0	0
ASV11314	84	0	0	0	0	0	0	0	0	0	0	0	0	0	0	0	0	0	0	0	0
ASV11315	58	129	83	0	0	0	0	96	0	0	0	0	0	0	0	0	0	0	0	0	0
ASV11316	54	0	0	0	0	0	0	0	0	0	0	0	0	0	0	0	0	0	0	0	0
ASV11317	55	0	0	0	0	0	0	0	0	0	0	0	0	0	0	0	0	0	0	0	0
ASV11318	55	0	0	0	0	0	0	0	0	0	0	0	0	0	0	0	0	0	0	0	0
ASV11319	51	0	0	0	0	0	0	0	60	0	0	0	0	0	0	0	0	0	0	0	0
ASV11320	52	0	0	0	0	0	0	0	0	0	0	0	0	0	0	0	0	0	0	0	0
ASV11321	62	0	0	0	0	0	0	0	0	0	0	0	0	0	0	0	0	0	0	0	0
ASV11322	63	0	0	0	0	0	0	0	0	0	0	0	0	0	0	0	0	0	0	0	0
ASV11323	55	0	0	0	0	0	0	0	0	0	0	0	0	0	0	0	0	0	0	0	0
ASV11324	51	0	0	0	0	0	0	0	0	0	0	0	0	0	0	0	0	0	0	0	0
ASV11325	46	0	0	0	0	0	0	0	0	0	0	0	0	0	0	0	0	0	0	0	0
ASV11326	48	0	0	0	0	0	0	0	0	0	0	0	0	0	0	0	0	0	0	0	0
ASV11327	46	0	0	0	0	0	0	0	0	0	0	0	0	0	0	0	0	0	0	0	0
ASV11328	47	0	0	0	0	0	0	0	0	0	0	0	0	0	0	0	0	0	0	0	0
ASV11329	31	0	0	0	0	0	0	0	0	0	0	0	0	0	0	0	0	0	0	0	0
ASV11330	37	0	0	0	0	0	0	0	0	0	0	0	0	0	0	0	0	0	0	0	0
ASV11331	35	0	0	0	0	0	0	0	0	0	0	0	0	0	0	0	0	0	0	0	0
ASV11332	35	0	0	0	0	0	0	0	0	0	0	0	0	0	0	0	0	0	0	0	0
ASV11333	32	0	0	0	0	0	0	0	0	0	0	0	0	0	0	0	0	0	0	0	0
ASV11334	36	0	0	0	0	0	0	0	0	0	0	0	0	0	0	0	0	0	0	0	0
ASV11335	33	0	0	0	0	0	0	0	0	0	0	0	0	0	0	0	0	0	0	0	0
ASV11336	25	0	0	0	0	0	0	0	0	0	0	0	0	0	0	0	0	0	0	0	0
ASV11337	26	0	0	0	0	0	0	0	0	0	0	0	0	0	0	0	0	0	0	0	0
ASV11338	32	0	0	0	0	0	0	0	0	0	0	0	0	0	0	0	0	0	0	0	0
ASV11339	29	0	0	0	0	0	0	0	0	0	0	0	0	0	0	0	0	0	0	0	0
ASV11340	34	0	0	0	0	0	0	0	0	0	0	0	0	0	0	0	0	0	0	0	0
ASV11341	24	0	0	0	0	0	0	0	0	0	0	0	0	0	11	0	0	0	0	0	0
ASV11342	23	0	0	0	0	0	0	0	0	0	0	0	0	0	0	0	0	0	0	0	0
ASV11343	29	0	0	0	0	0	0	0	0	0	0	0	0	0	0	0	0	0	0	0	0
ASV11344	27	0	0	0	0	0	0	0	0	0	0	0	0	0	0	0	0	0	0	0	0
ASV11345	26	0	0	0	0	0	0	0	0	0	0	0	0	0	0	0	0	0	0	0	0
ASV11346	22	0	0	0	0	0	0	0	0	0	0	0	0	0	0	0	0	0	0	0	0
ASV11347	21	0	0	0	0	0	0	0	0	0	0	0	0	0	0	0	0	0	0	0	0
ASV11348	23	0	0	0	0	0	0	0	0	0	0	0	0	0	0	0	0	0	0	0	0
ASV11349	21	0	0	0	0	0	0	0	0	0	0	0	0	0	0	0	0	0	0	0	0
ASV11350	29	0	0	0	0	0	0	0	0	0	0	0	0	0	0	0	0	0	0	0	0
ASV11351	22	0	0	0	0	0	0	0	0	0	0	0	0	0	0	0	0	0	0	0	0
ASV11352	27	0	0	0	0	0	0	0	0	0	0	0	0	0	0	0	0	0	0	0	0
ASV11353	16	0	0	0	0	0	0	0	0	0	0	0	0	0	0	0	0	0	0	0	0
ASV11354	17	0	0	0	0	0	0	0	0	0	0	0	0	0	0	0	0	0	0	0	0
ASV11355	22	0	0	0	0	0	0	0	0	0	0	0	0	0	0	0	0	0	0	0	0
ASV11356	21	0	0	0	0	0	0	0	0	0	0	0	0	0	0	0	0	0	0	0	0
ASV11357	19	0	0	0	0	0	0	0	0	0	0	0	0	0	0	0	0	0	0	0	0
ASV11358	14	0	0	0	0	0	0	0	0	0	0	0	0	0	0	0	0	0	0	0	0
ASV11359	19	0	0	0	0	0	0	18	0	0	0	0	0	0	0	0	0	0	0	0	0
ASV11360	13	0	0	0	0	0	0	0	0	0	0	0	0	0	0	0	0	0	0	0	0
ASV11361	12	0	0	0	0	0	0	13	0	0	0	0	0	0	0	0	0	0	0	0	0
ASV11362	17	0	0	0	0	0	0	0	0	0	0	0	0	0	0	0	0	0	0	0	0
ASV11363	18	0	0	0	0	0	0	0	0	0	0	0	0	0	0	0	0	0	0	0	0
ASV11364	15	0	0	0	0	0	0	0	0	0	0	0	0	0	0	0	0	0	0	0	0
ASV11365	19	0	0	0	0	0	0	0	0	0	0	0	0	0	0	0	0	0	0	0	0
ASV11366	10	0	0	0	0	0	0	0	0	0	0	0	0	0	0	0	0	0	0	0	0
ASV11367	10	0	0	0	0	0	0	0	0	0	0	0	0	0	0	0	0	0	0	0	0
ASV11368	11	0	0	0	0	0	0	0	0	0	0	0	0	0	0	0	0	0	0	0	0
ASV11369	12	0	0	0	0	0	0	0	0	0	0	0	0	0	0	0	0	0	0	0	0
ASV11370	12	0	0	0	0	0	0	0	7	0	0	0	0	0	0	0	0	0	0	0	0
ASV11371	12	0	0	0	0	0	0	0	0	0	0	0	0	0	0	0	0	0	0	0	0
ASV11372	7	0	0	0	0	0	0	0	0	0	0	0	0	0	0	0	0	0	0	0	0
ASV11388	9	0	0	0	0	0	0	0	0	0	0	0	0	0	2	0	0	0	0	0	0
ASV11736	1	51	0	0	0	0	0	0	0	0	0	0	0	0	0	0	0	0	0	0	0
ASV12063	0	711	0	0	0	0	0	0	0	0	0	0	0	0	0	0	0	0	0	0	0
ASV12064	0	245	59	0	0	0	0	0	0	0	0	0	0	0	0	0	0	0	0	0	0
ASV12065	0	185	0	0	0	0	0	0	0	0	0	0	0	0	0	0	0	0	0	0	0
ASV12066	0	145	0	0	0	0	0	0	0	0	0	0	0	0	0	0	0	0	0	0	0
ASV12067	0	146	0	0	0	0	0	0	0	0	0	0	0	0	0	0	0	0	0	0	0
ASV12068	0	149	0	0	0	0	0	0	0	0	0	0	0	0	0	0	0	0	0	0	0
ASV12069	0	141	0	0	0	0	0	0	0	0	0	0	0	0	0	0	0	0	0	0	0
ASV12070	0	138	0	0	0	0	68	0	0	0	0	0	0	0	0	0	0	0	0	0	0
ASV12071	0	117	0	0	0	0	0	0	0	0	0	0	0	0	0	0	0	0	0	0	0
ASV12072	0	117	0	0	0	0	0	0	0	0	0	0	0	0	0	0	0	0	0	0	0
ASV12073	0	108	0	0	0	0	0	0	0	0	0	0	0	0	0	0	0	0	0	0	0
ASV12074	0	111	0	0	0	0	0	0	0	0	0	0	0	0	0	0	0	0	0	0	0
ASV12075	0	101	0	0	0	0	0	0	0	0	0	0	0	0	0	0	0	0	0	0	0
ASV12076	0	89	0	0	0	0	0	0	0	0	0	0	0	0	0	0	0	0	0	0	0
ASV12077	0	95	0	0	0	0	0	0	0	0	0	0	0	0	0	0	0	0	0	0	0
ASV12078	0	82	0	0	0	0	0	0	0	0	0	0	0	0	0	0	0	0	0	0	0
ASV12079	0	82	0	0	0	0	0	0	0	0	0	0	0	0	0	0	0	0	0	0	0
ASV12080	0	69	0	0	0	0	0	0	0	0	0	0	0	0	0	0	0	0	0	0	0
ASV12081	0	64	0	0	0	0	0	0	0	0	0	0	0	0	0	0	0	0	0	0	0
ASV12082	0	71	0	0	0	0	0	0	0	0	0	0	0	0	0	0	0	0	0	0	0
ASV12083	0	56	0	0	0	0	0	0	0	0	0	0	0	0	0	0	0	0	0	0	0
ASV12084	0	69	0	0	0	0	0	0	0	0	0	0	0	0	0	0	0	0	0	0	0
ASV12085	0	59	0	0	0	0	0	0	0	0	0	0	0	0	0	0	0	0	0	0	0
ASV12086	0	50	0	0	0	0	0	0	0	0	0	0	0	0	0	0	0	0	0	0	0
ASV12087	0	55	0	0	0	0	0	0	0	0	0	0	0	0	0	0	0	0	0	0	0
ASV12088	0	54	0	0	0	0	0	0	0	0	0	0	0	0	0	0	0	0	0	0	0
ASV12089	0	49	0	0	0	0	0	0	0	0	0	0	0	0	0	0	0	0	0	0	0
ASV12090	0	48	0	0	0	0	0	0	0	0	0	0	0	0	0	0	0	0	0	0	0
ASV12091	0	36	0	0	0	0	0	0	0	0	0	0	0	0	0	0	0	0	0	0	0
ASV12092	0	37	0	0	0	0	0	0	0	0	0	0	0	0	0	0	0	0	0	0	0
ASV12093	0	36	0	0	0	0	0	0	0	0	0	0	0	0	0	0	0	0	0	0	0
ASV12094	0	33	0	0	0	0	0	0	0	0	0	0	0	0	8	0	0	0	0	0	0
ASV12095	0	45	0	0	0	0	0	0	0	0	0	0	0	0	0	0	0	0	0	0	0
ASV12096	0	40	0	0	0	0	0	57	0	0	0	0	0	0	0	0	0	0	0	0	0
ASV12097	0	29	0	0	0	0	0	0	0	0	0	0	0	0	0	0	0	0	0	0	0
ASV12098	0	33	0	0	0	0	0	0	0	0	0	0	0	0	0	0	0	0	0	0	0
ASV12099	0	32	0	0	0	0	0	0	0	0	0	0	0	0	0	0	0	0	0	0	0
ASV12100	0	25	0	0	0	0	0	0	0	0	0	0	0	0	0	0	0	0	0	0	0
ASV12101	0	26	34	0	0	0	0	0	0	0	0	0	0	0	0	0	0	0	0	0	0
ASV12102	0	21	0	0	0	0	0	0	0	0	0	0	0	0	0	0	0	0	0	0	0
ASV12103	0	25	0	0	0	0	0	0	0	0	0	0	0	0	0	0	0	0	0	0	0
ASV12104	0	30	0	0	0	0	0	0	0	0	0	0	0	0	0	0	0	0	0	0	0
ASV12105	0	28	0	0	0	0	0	0	0	0	0	0	0	0	0	0	0	0	0	0	0
ASV12106	0	20	0	0	0	0	0	74	0	0	0	0	0	0	0	0	0	0	0	0	0
ASV12107	0	18	0	0	0	0	0	0	0	0	0	0	0	0	0	0	0	0	0	0	0
ASV12108	0	24	0	0	0	0	0	0	0	0	0	0	0	0	0	0	0	0	0	0	0
ASV12109	0	17	0	0	0	0	0	0	0	0	0	0	0	0	0	0	0	0	0	0	0
ASV12110	0	16	0	0	0	0	0	0	0	0	0	0	0	0	0	0	0	0	0	0	0
ASV12111	0	18	0	0	0	0	0	0	0	0	0	0	0	0	0	0	0	0	0	0	0
ASV12112	0	13	0	0	0	0	0	0	14	0	0	0	0	0	24	0	0	0	0	0	0
ASV12113	0	16	0	0	0	0	0	0	0	0	0	0	0	0	0	0	0	0	0	0	0
ASV12114	0	15	0	0	0	0	0	0	0	0	0	0	0	0	0	0	0	0	0	0	0
ASV12115	0	16	0	0	0	0	0	0	0	0	0	0	0	0	0	0	0	0	0	0	0
ASV12116	0	16	0	0	0	0	0	0	0	0	0	0	0	0	0	0	0	0	0	0	0
ASV12117	0	11	0	0	0	0	0	0	0	0	0	0	0	0	0	0	0	0	0	0	0
ASV12118	0	17	0	0	0	0	0	0	0	0	0	0	0	0	0	0	0	0	0	0	0
ASV12119	0	14	0	0	0	0	0	0	0	0	0	0	0	0	0	0	0	0	0	0	0
ASV12120	0	9	0	0	0	0	0	0	0	0	0	0	0	0	0	0	0	0	0	0	0
ASV12124	0	11	0	0	0	0	0	33	0	0	0	0	0	0	0	0	0	0	0	0	0
ASV12340	0	0	62	0	0	0	0	0	0	0	0	0	0	0	0	0	0	0	0	0	0
ASV12545	0	0	252	0	0	0	0	0	0	0	0	0	0	0	0	0	0	0	0	0	0
ASV12546	0	0	237	0	0	0	0	0	0	0	0	0	0	0	0	0	0	0	0	0	0
ASV12547	0	0	244	0	0	0	0	0	0	0	0	0	0	0	0	0	0	0	0	0	0
ASV12548	0	0	222	0	0	0	0	0	0	0	0	0	0	0	114	0	0	0	0	0	0
ASV12549	0	0	192	0	0	0	0	0	0	0	0	0	0	0	0	0	0	0	0	0	0
ASV12550	0	0	181	0	0	0	0	0	0	0	0	0	0	0	0	0	0	0	0	0	0
ASV12551	0	0	149	0	0	0	0	0	0	0	0	0	0	0	0	0	0	0	0	0	0
ASV12552	0	0	131	0	0	0	0	0	31	0	0	0	0	0	14	0	0	0	0	0	0
ASV12553	0	0	122	0	0	0	0	0	0	0	0	0	0	0	0	0	0	0	0	0	0
ASV12554	0	0	118	0	0	0	0	0	0	0	0	0	0	0	0	0	0	0	0	0	0
ASV12555	0	0	118	0	0	0	0	0	0	0	0	0	0	0	0	0	0	0	0	0	0
ASV12556	0	0	120	0	0	0	0	0	0	0	0	0	0	0	0	0	0	0	0	0	0
ASV12557	0	0	107	0	0	0	0	0	0	0	0	0	0	0	0	0	0	0	0	0	0
ASV12558	0	0	94	0	0	0	0	0	0	0	0	0	0	0	0	0	0	0	0	0	0
ASV12559	0	0	97	0	0	0	0	0	0	0	0	0	0	0	0	0	0	0	0	0	0
ASV12560	0	0	92	0	0	0	0	0	0	0	0	0	0	0	0	0	0	0	0	0	0
ASV12561	0	0	92	0	0	0	0	0	0	0	0	0	0	0	0	0	0	0	0	0	0
ASV12562	0	0	88	0	0	0	0	0	0	0	0	0	0	0	0	0	0	0	0	0	0
ASV12563	0	0	83	0	0	0	0	0	0	0	0	0	0	0	0	0	0	0	0	0	0
ASV12564	0	0	82	0	0	0	0	0	0	0	0	0	0	0	0	0	0	0	0	0	0
ASV12565	0	0	76	0	0	0	0	0	0	0	0	0	0	0	0	0	0	0	0	0	0
ASV12566	0	0	79	0	0	0	0	59	0	0	0	0	0	0	0	0	0	0	0	0	0
ASV12567	0	0	70	0	0	0	0	0	0	0	0	0	0	0	0	0	0	0	0	0	0
ASV12568	0	0	74	0	0	0	0	0	0	0	0	0	0	0	0	0	0	0	0	0	0
ASV12569	0	0	75	0	0	0	0	0	0	0	0	0	0	0	0	0	0	0	0	0	0
ASV12570	0	0	76	0	0	0	0	0	0	0	0	0	0	0	0	0	0	0	0	0	0
ASV12571	0	0	65	0	0	0	0	0	0	0	0	0	0	0	0	0	0	0	0	0	0
ASV12572	0	0	56	0	0	0	0	0	0	0	0	0	0	0	0	0	0	0	0	0	0
ASV12573	0	0	57	0	0	0	0	0	0	0	0	0	0	0	0	0	0	0	0	0	0
ASV12574	0	0	62	0	0	0	0	0	0	0	0	0	0	0	0	0	0	0	0	0	0
ASV12575	0	0	54	0	0	0	0	0	0	0	0	0	0	0	0	0	0	0	0	0	0
ASV12576	0	0	45	0	0	0	0	0	0	0	0	0	0	0	0	0	0	0	0	0	0
ASV12577	0	0	52	0	0	0	0	0	0	0	0	0	0	0	0	0	0	0	0	0	0
ASV12578	0	0	46	0	0	0	0	0	0	0	0	0	0	0	0	0	0	0	0	0	0
ASV12579	0	0	35	0	0	0	0	0	0	0	0	0	0	0	0	0	0	0	0	0	0
ASV12580	0	0	38	0	0	0	0	0	0	0	0	0	0	0	0	0	0	0	0	0	0
ASV12581	0	0	31	0	0	0	0	0	0	0	0	0	0	0	0	0	0	0	0	0	0
ASV12582	0	0	36	0	0	0	0	0	0	0	0	0	0	0	0	0	0	0	0	0	0
ASV12583	0	0	28	0	0	0	0	0	0	0	0	0	0	0	0	0	0	0	0	0	0
ASV12584	0	0	29	0	0	0	0	0	0	0	0	0	0	0	0	0	0	0	0	0	0
ASV12585	0	0	21	0	0	0	0	0	0	0	0	0	0	0	0	0	0	0	0	0	0
ASV12586	0	0	26	0	0	0	0	35	0	0	0	0	0	0	0	0	0	0	0	0	0
ASV12587	0	0	26	0	0	0	0	0	0	0	0	0	0	0	0	0	0	0	0	0	0
ASV12588	0	0	22	0	0	0	0	0	0	0	0	0	0	0	0	0	0	0	0	0	0
ASV12589	0	0	22	0	0	0	0	0	0	0	0	0	0	0	0	0	0	0	0	0	0
ASV12590	0	0	13	0	0	0	0	0	0	0	0	0	0	0	0	0	0	0	0	0	0
ASV12591	0	0	12	0	0	0	0	0	0	0	0	0	0	0	0	0	0	0	0	0	0
ASV12592	0	0	17	0	0	0	0	0	0	0	0	0	0	0	0	0	0	0	0	0	0
ASV12593	0	0	19	0	0	0	0	0	0	0	0	0	0	0	0	0	0	0	0	0	0
ASV12594	0	0	14	0	0	0	0	0	0	0	0	0	0	0	0	0	0	0	0	0	0
ASV12595	0	0	16	0	0	0	0	0	0	0	0	0	0	0	0	0	0	0	0	0	0
ASV12596	0	0	15	0	0	0	0	0	0	0	0	0	0	0	0	0	0	0	0	0	0
ASV12597	0	0	17	0	0	0	0	0	0	0	0	0	0	0	0	0	0	0	0	0	0
ASV12598	0	0	15	0	0	0	0	0	0	0	0	0	0	0	0	0	0	0	0	0	0
ASV12599	0	0	13	0	0	0	0	0	0	0	0	0	0	0	0	0	0	0	0	0	0
ASV12601	0	0	13	0	0	0	0	0	0	0	0	0	0	0	0	0	0	0	0	0	0
ASV12602	0	0	9	0	0	0	0	0	0	0	0	0	0	0	0	0	0	0	0	0	0
ASV13124	0	0	0	0	0	0	0	0	0	0	0	0	0	0	242	0	0	0	0	0	0
ASV13125	0	0	0	0	0	0	0	0	0	0	0	0	0	0	148	0	0	0	0	0	0
ASV13126	0	0	0	0	0	0	0	0	0	0	0	0	0	0	126	0	0	0	0	0	0
ASV13127	0	0	0	0	0	0	0	0	0	0	0	0	0	0	104	0	0	0	0	0	0
ASV13128	0	0	0	0	0	0	0	0	0	0	0	0	0	0	99	0	0	0	0	0	0
ASV13129	0	0	0	0	0	0	0	0	0	0	0	0	0	0	91	0	0	0	0	0	0
ASV13130	0	0	0	0	0	0	0	0	0	0	0	0	0	0	93	0	0	0	0	0	0
ASV13131	0	0	0	0	0	0	0	0	0	0	0	0	0	0	85	0	0	0	0	0	0
ASV13132	0	0	0	0	0	0	0	0	0	0	0	0	0	0	94	0	0	0	0	0	0
ASV13133	0	0	0	0	0	0	0	0	0	0	0	0	0	0	91	0	0	0	0	0	0
ASV13134	0	0	0	0	0	0	0	0	0	0	0	0	0	0	86	0	0	0	0	0	0
ASV13135	0	0	0	0	0	0	0	0	0	0	0	0	0	0	65	0	0	0	0	0	0
ASV13136	0	0	0	0	0	0	0	0	0	0	0	0	0	0	77	0	0	0	0	0	0
ASV13137	0	0	0	0	0	0	0	0	0	0	0	0	0	0	70	0	0	0	0	0	0
ASV13138	0	0	0	0	0	0	0	0	0	0	0	0	0	0	62	0	0	0	0	0	0
ASV13139	0	0	0	0	0	0	0	0	0	0	0	0	0	0	67	0	0	0	0	0	0
ASV13140	0	0	0	0	0	0	0	0	0	0	0	0	0	0	64	0	0	0	0	0	0
ASV13141	0	0	0	0	0	0	0	0	0	0	0	0	0	0	60	0	0	0	0	0	0
ASV13142	0	0	0	0	0	0	0	0	0	0	0	0	0	0	48	0	0	0	0	0	0
ASV13143	0	0	0	0	0	0	0	0	0	0	0	0	0	0	58	0	0	0	0	0	0
ASV13144	0	0	0	0	0	0	0	0	0	0	0	0	0	0	53	0	0	0	0	0	0
ASV13145	0	0	0	0	0	0	0	0	0	0	0	0	0	0	54	0	0	0	0	0	0
ASV13146	0	0	0	0	0	0	0	0	0	0	0	0	0	0	51	0	0	0	0	0	0
ASV13147	0	0	0	0	0	0	0	0	0	0	0	0	0	0	47	0	0	0	0	0	0
ASV13148	0	0	0	0	0	0	0	0	0	0	0	0	0	0	38	0	0	0	0	0	0
ASV13149	0	0	0	0	0	0	0	0	0	0	0	0	0	0	38	0	0	0	0	0	0
ASV13150	0	0	0	0	0	0	0	0	0	0	0	0	0	0	44	0	0	0	0	0	0
ASV13151	0	0	0	0	0	0	0	0	0	0	0	0	0	0	42	0	0	0	0	0	0
ASV13152	0	0	0	0	0	0	0	0	0	0	0	0	0	0	39	0	0	0	0	0	0
ASV13153	0	0	0	0	0	0	0	0	0	0	0	0	0	0	35	0	0	0	0	0	0
ASV13154	0	0	0	0	0	0	0	0	0	0	0	0	0	0	31	0	0	0	0	0	0
ASV13155	0	0	0	0	0	0	0	0	0	0	0	0	0	0	38	0	0	0	0	0	0
ASV13156	0	0	0	0	0	0	0	0	0	0	0	0	0	0	35	0	0	0	0	0	0
ASV13157	0	0	0	0	0	0	0	0	0	0	0	0	0	0	37	0	0	0	0	0	0
ASV13158	0	0	0	0	0	0	0	0	0	0	0	0	0	0	37	0	0	0	0	0	0
ASV13160	0	0	0	0	0	0	0	0	0	0	0	0	0	0	29	0	0	0	0	0	0
ASV13161	0	0	0	0	0	0	0	0	0	0	0	0	0	0	27	0	0	0	0	0	0
ASV13162	0	0	0	0	0	0	0	0	0	0	0	0	0	0	26	0	0	0	0	0	0
ASV13163	0	0	0	0	0	0	0	0	0	0	0	0	0	0	29	0	0	0	0	0	0
ASV13165	0	0	0	0	0	0	0	0	0	0	0	0	0	0	29	0	0	0	0	0	0
ASV13166	0	0	0	0	0	0	0	0	0	0	0	0	0	0	29	0	0	0	0	0	0
ASV13167	0	0	0	0	0	0	0	0	0	0	0	0	0	0	27	0	0	0	0	0	0
ASV13168	0	0	0	0	0	0	0	3	0	0	0	0	0	0	25	0	0	0	0	0	0
ASV13169	0	0	0	0	0	0	0	0	0	0	0	0	0	0	27	0	0	0	0	0	0
ASV13170	0	0	0	0	0	0	0	0	0	0	0	0	0	0	28	0	0	0	0	0	0
ASV13171	0	0	0	0	0	0	0	0	0	0	0	0	0	0	25	0	0	0	0	0	0
ASV13172	0	0	0	0	0	0	0	0	0	0	0	0	0	0	27	0	0	0	0	0	0
ASV13173	0	0	0	0	0	0	0	0	0	0	0	0	0	0	26	0	0	0	0	0	0
ASV13174	0	0	0	0	0	0	0	0	0	0	0	0	0	0	21	0	0	0	0	0	0
ASV13175	0	0	0	0	0	0	0	0	0	0	0	0	0	0	19	0	0	0	0	0	0
ASV13176	0	0	0	0	0	0	0	0	0	0	0	0	0	0	20	0	0	0	0	0	0
ASV13177	0	0	0	0	0	0	0	0	0	0	0	0	0	0	20	0	0	0	0	0	0
ASV13178	0	0	0	0	0	0	0	0	0	0	0	0	0	0	19	0	0	0	0	0	0
ASV13179	0	0	0	0	0	0	0	0	0	0	0	0	0	0	16	0	0	0	0	0	0
ASV13180	0	0	0	0	0	0	0	0	0	0	0	0	0	0	17	0	0	0	0	0	0
ASV13181	0	0	0	0	0	0	0	0	0	0	0	0	0	0	16	0	0	0	0	0	0
ASV13182	0	0	0	0	0	0	0	0	0	0	0	0	0	0	17	0	0	0	0	0	0
ASV13183	0	0	0	0	0	0	0	0	0	0	0	0	0	0	20	0	0	0	0	0	0
ASV13184	0	0	0	0	0	0	0	0	0	0	0	0	0	0	16	0	0	0	0	0	0
ASV13185	0	0	0	0	0	0	0	0	0	0	0	0	0	0	17	0	0	0	0	0	0
ASV13186	0	0	0	0	0	0	0	0	0	0	0	0	0	0	14	0	0	0	0	0	0
ASV13187	0	0	0	0	0	0	0	0	0	0	0	0	0	0	16	0	0	0	0	0	0
ASV13188	0	0	0	0	0	0	0	0	0	0	0	0	0	0	10	0	0	0	0	0	0
ASV13830	0	0	0	0	0	0	315	0	0	0	0	0	0	0	0	0	0	0	0	0	0
ASV13832	0	0	0	0	0	0	241	0	0	0	0	0	0	0	0	0	0	0	0	0	0
ASV13835	0	0	0	0	0	0	205	0	0	0	0	0	0	0	0	0	0	0	0	0	0
ASV13836	0	0	0	0	0	0	202	0	0	0	0	0	0	0	0	0	0	0	0	0	0
ASV13837	0	0	0	0	0	0	202	0	0	0	0	0	0	0	0	0	0	0	0	0	0
ASV13838	0	0	0	0	0	0	166	0	0	0	0	0	0	0	0	0	0	0	0	0	0
ASV13844	0	0	0	0	0	0	97	0	0	0	0	0	0	0	0	0	0	0	0	0	0
ASV13846	0	0	0	0	0	0	100	0	0	0	0	0	0	0	0	0	0	0	0	0	0
ASV13847	0	0	0	0	0	0	86	0	0	0	0	0	0	0	0	0	0	0	0	0	0
ASV13849	0	0	0	0	0	0	79	0	0	0	0	0	0	0	0	0	0	0	0	0	0
ASV13852	0	0	0	0	0	0	74	0	0	0	0	0	0	0	0	0	0	0	0	0	0
ASV13853	0	0	0	0	0	0	87	0	0	0	0	0	0	0	0	0	0	0	0	0	0
ASV13855	0	0	0	0	0	0	75	0	0	0	0	0	0	0	0	0	0	0	0	0	0
ASV13857	0	0	0	0	0	0	57	0	0	0	0	0	0	0	0	0	0	0	0	0	0
ASV13859	0	0	0	0	0	0	58	0	0	0	0	0	0	0	0	0	0	0	0	0	0
ASV13860	0	0	0	0	0	0	44	0	0	0	0	0	0	0	0	0	0	0	0	0	0
ASV13861	0	0	0	0	0	0	64	0	0	0	0	0	0	0	0	0	0	0	0	0	0
ASV13862	0	0	0	0	0	0	53	0	0	0	0	0	0	0	0	0	0	0	0	0	0
ASV13863	0	0	0	0	0	0	58	0	0	0	0	0	0	0	0	0	0	0	0	0	0
ASV13864	0	0	0	0	0	0	56	0	0	0	0	0	0	0	0	0	0	0	0	0	0
ASV13865	0	0	0	0	0	0	51	0	0	0	0	0	0	0	0	0	0	0	0	0	0
ASV13866	0	0	0	0	0	0	48	0	0	0	0	0	0	0	0	0	0	0	0	0	0
ASV13867	0	0	0	0	0	0	50	0	0	0	0	0	0	0	0	0	0	0	0	0	0
ASV13870	0	0	0	0	0	0	55	0	0	0	0	0	0	0	0	0	0	0	0	0	0
ASV13871	0	0	0	0	0	0	43	0	0	0	0	0	0	0	0	0	0	0	0	0	0
ASV13872	0	0	0	0	0	0	45	0	0	0	0	0	0	0	0	0	0	0	0	0	0
ASV13873	0	0	0	0	0	0	37	0	0	0	0	0	0	0	0	0	0	0	0	0	0
ASV13875	0	0	0	0	0	0	40	0	0	0	0	0	0	0	0	0	0	0	0	0	0
ASV13878	0	0	0	0	0	0	41	0	0	0	0	0	0	0	0	0	0	0	0	0	0
ASV13879	0	0	0	0	0	0	52	0	0	0	0	0	0	0	0	0	0	0	0	0	0
ASV13881	0	0	0	0	0	0	40	0	0	0	0	0	0	0	0	0	0	0	0	0	0
ASV13882	0	0	0	0	0	0	39	0	0	0	0	0	0	0	0	0	0	0	0	0	0
ASV13883	0	0	0	0	0	0	43	0	0	0	0	0	0	0	0	0	0	0	0	0	0
ASV13885	0	0	0	0	0	0	34	0	0	0	0	0	0	0	0	0	0	0	0	0	0
ASV13887	0	0	0	0	0	0	34	0	0	0	0	0	0	0	0	0	0	0	0	0	0
ASV13888	0	0	0	0	0	0	36	0	0	0	0	0	0	0	0	0	0	0	0	0	0
ASV13891	0	0	0	0	0	0	26	0	0	0	0	0	0	0	0	0	0	0	0	0	0
ASV13895	0	0	0	0	0	0	26	0	0	0	0	0	0	0	0	0	0	0	0	0	0
ASV13898	0	0	0	0	0	0	21	0	0	0	0	0	0	0	0	0	0	0	0	0	0
ASV13900	0	0	0	0	0	0	25	0	0	0	0	0	0	0	0	0	0	0	0	0	0
ASV13902	0	0	0	0	0	0	16	0	0	0	0	0	0	0	0	0	0	0	0	0	0
ASV13904	0	0	0	0	0	0	21	0	0	0	0	0	0	0	0	0	0	0	0	0	0
ASV13905	0	0	0	0	0	0	13	0	0	0	0	0	0	0	0	0	0	0	0	0	0
ASV13906	0	0	0	0	0	0	17	0	0	0	0	0	0	0	0	0	0	0	0	0	0
ASV13910	0	0	0	0	0	0	18	0	0	0	0	0	0	0	0	0	0	0	0	0	0
ASV13911	0	0	0	0	0	0	22	0	0	0	0	0	0	0	0	0	0	0	0	0	0
ASV13913	0	0	0	0	0	0	19	0	0	0	0	0	0	0	0	0	0	0	0	0	0
ASV13914	0	0	0	0	0	0	15	0	0	0	0	0	0	0	0	0	0	0	0	0	0
ASV13915	0	0	0	0	0	0	15	0	0	0	0	0	0	0	0	0	0	0	0	0	0
ASV13916	0	0	0	0	0	0	17	0	0	0	0	0	0	0	0	0	0	0	0	0	0
ASV13917	0	0	0	0	0	0	19	0	0	0	0	0	0	0	0	0	0	0	0	0	0
ASV13921	0	0	0	0	0	0	8	0	0	0	0	0	0	0	0	0	0	0	0	0	0
ASV13929	0	0	0	0	0	0	7	0	0	0	0	0	0	0	0	0	0	0	0	0	0
ASV13931	0	0	0	0	0	0	11	0	0	0	0	0	0	0	0	0	0	0	0	0	0
ASV13935	0	0	0	0	0	0	9	0	0	0	0	0	0	0	0	0	0	0	0	0	0
ASV13942	0	0	0	0	0	0	6	0	0	0	0	0	0	0	0	0	0	0	0	0	0
ASV13945	0	0	0	0	0	0	6	0	0	0	0	0	0	0	0	0	0	0	0	0	0
ASV13950	0	0	0	0	0	0	8	0	0	0	0	0	0	0	0	0	0	0	0	0	0
ASV13952	0	0	0	0	0	0	5	0	0	0	0	0	0	0	0	0	0	0	0	0	0
ASV13953	0	0	0	0	0	0	6	0	0	0	0	0	0	0	0	0	0	0	0	0	0
ASV13954	0	0	0	0	0	0	10	0	0	0	0	0	0	0	0	0	0	0	0	0	0
ASV13958	0	0	0	0	0	0	8	0	0	0	0	0	0	0	0	0	0	0	0	0	0
ASV14024	0	0	0	0	0	0	5	101	0	0	0	0	0	0	0	0	0	0	0	0	0
ASV15605	0	0	0	0	0	0	0	186	0	0	0	0	0	0	0	0	0	0	0	0	0
ASV15606	0	0	0	0	0	0	0	174	0	0	0	0	0	0	0	0	0	0	0	0	0
ASV15607	0	0	0	0	0	0	0	154	0	0	0	0	0	0	0	0	0	0	0	0	0
ASV15608	0	0	0	0	0	0	0	157	0	0	0	0	0	0	0	0	0	0	0	0	0
ASV15609	0	0	0	0	0	0	0	105	0	0	0	0	0	0	0	0	0	0	0	0	0
ASV15610	0	0	0	0	0	0	0	90	0	0	0	0	0	0	0	0	0	0	0	0	0
ASV15611	0	0	0	0	0	0	0	95	0	0	0	0	0	0	0	0	0	0	0	0	0
ASV15612	0	0	0	0	0	0	0	91	0	0	0	0	0	0	0	0	0	0	0	0	0
ASV15613	0	0	0	0	0	0	0	80	0	0	0	0	0	0	0	0	0	0	0	0	0
ASV15614	0	0	0	0	0	0	0	80	0	0	0	0	0	0	0	0	0	0	0	0	0
ASV15615	0	0	0	0	0	0	0	61	0	0	0	0	0	0	0	0	0	0	0	0	0
ASV15616	0	0	0	0	0	0	0	60	0	0	0	0	0	0	0	0	0	0	0	0	0
ASV15617	0	0	0	0	0	0	0	69	0	0	0	0	0	0	0	0	0	0	0	0	0
ASV15618	0	0	0	0	0	0	0	63	0	0	0	0	0	0	0	0	0	0	0	0	0
ASV15619	0	0	0	0	0	0	0	59	0	0	0	0	0	0	0	0	0	0	0	0	0
ASV15620	0	0	0	0	0	0	0	57	0	0	0	0	0	0	0	0	0	0	0	0	0
ASV15621	0	0	0	0	0	0	0	54	0	0	0	0	0	0	0	0	0	0	0	0	0
ASV15622	0	0	0	0	0	0	0	46	0	0	0	0	0	0	0	0	0	0	0	0	0
ASV15623	0	0	0	0	0	0	0	50	0	0	0	0	0	0	0	0	0	0	0	0	0
ASV15624	0	0	0	0	0	0	0	46	0	0	0	0	0	0	0	0	0	0	0	0	0
ASV15625	0	0	0	0	0	0	0	42	0	0	0	0	0	0	0	0	0	0	0	0	0
ASV15626	0	0	0	0	0	0	0	51	0	0	0	0	0	0	0	0	0	0	0	0	0
ASV15627	0	0	0	0	0	0	0	52	0	0	0	0	0	0	0	0	0	0	0	0	0
ASV15628	0	0	0	0	0	0	0	46	0	0	0	0	0	0	0	0	0	0	0	0	0
ASV15629	0	0	0	0	0	0	0	49	0	0	0	0	0	0	0	0	0	0	0	0	0
ASV15630	0	0	0	0	0	0	0	38	0	0	0	0	0	0	0	0	0	0	0	0	0
ASV15631	0	0	0	0	0	0	0	36	0	0	0	0	0	0	0	0	0	0	0	0	0
ASV15632	0	0	0	0	0	0	0	43	0	0	0	0	0	0	0	0	0	0	0	0	0
ASV15633	0	0	0	0	0	0	0	39	0	0	0	0	0	0	0	0	0	0	0	0	0
ASV15634	0	0	0	0	0	0	0	36	0	0	0	0	0	0	0	0	0	0	0	0	0
ASV15635	0	0	0	0	0	0	0	28	0	0	0	0	0	0	0	0	0	0	0	0	0
ASV15636	0	0	0	0	0	0	0	35	0	0	0	0	0	0	0	0	0	0	0	0	0
ASV15637	0	0	0	0	0	0	0	33	0	0	0	0	0	0	0	0	0	0	0	0	0
ASV15638	0	0	0	0	0	0	0	25	0	0	0	0	0	0	0	0	0	0	0	0	0
ASV15639	0	0	0	0	0	0	0	27	0	0	0	0	0	0	0	0	0	0	0	0	0
ASV15640	0	0	0	0	0	0	0	23	0	0	0	0	0	0	0	0	0	0	0	0	0
ASV15641	0	0	0	0	0	0	0	21	0	0	0	0	0	0	0	0	0	0	0	0	0
ASV15642	0	0	0	0	0	0	0	23	0	0	0	0	0	0	0	0	0	0	0	0	0
ASV15643	0	0	0	0	0	0	0	22	0	0	0	0	0	0	0	0	0	0	0	0	0
ASV15644	0	0	0	0	0	0	0	20	0	0	0	0	0	0	0	0	0	0	0	0	0
ASV15645	0	0	0	0	0	0	0	25	0	0	0	0	0	0	0	0	0	0	0	0	0
ASV15646	0	0	0	0	0	0	0	21	0	0	0	0	0	0	0	0	0	0	0	0	0
ASV15647	0	0	0	0	0	0	0	26	0	0	0	0	0	0	0	0	0	0	0	0	0
ASV15648	0	0	0	0	0	0	0	21	0	0	0	0	0	0	0	0	0	0	0	0	0
ASV15649	0	0	0	0	0	0	0	23	0	0	0	0	0	0	0	0	0	0	0	0	0
ASV15650	0	0	0	0	0	0	0	30	0	0	0	0	0	0	0	0	0	0	0	0	0
ASV15651	0	0	0	0	0	0	0	25	0	0	0	0	0	0	0	0	0	0	0	0	0
ASV15652	0	0	0	0	0	0	0	21	0	0	0	0	0	0	0	0	0	0	0	0	0
ASV15653	0	0	0	0	0	0	0	25	0	0	0	0	0	0	0	0	0	0	0	0	0
ASV15654	0	0	0	0	0	0	0	21	0	0	0	0	0	0	0	0	0	0	0	0	0
ASV15655	0	0	0	0	0	0	0	21	0	0	0	0	0	0	0	0	0	0	0	0	0
ASV15656	0	0	0	0	0	0	0	18	0	0	0	0	0	0	0	0	0	0	0	0	0
ASV15657	0	0	0	0	0	0	0	17	0	0	0	0	0	0	0	0	0	0	0	0	0
ASV15658	0	0	0	0	0	0	0	15	0	0	0	0	0	0	0	0	0	0	0	0	0
ASV15659	0	0	0	0	0	0	0	20	0	0	0	0	0	0	0	0	0	0	0	0	0
ASV15660	0	0	0	0	0	0	0	17	0	0	0	0	0	0	0	0	0	0	0	0	0
ASV15661	0	0	0	0	0	0	0	13	0	0	0	0	0	0	0	0	0	0	0	0	0
ASV15662	0	0	0	0	0	0	0	12	0	0	0	0	0	0	0	0	0	0	0	0	0
ASV15665	0	0	0	0	0	0	0	10	0	0	0	0	0	0	0	0	0	0	0	0	0
ASV15666	0	0	0	0	0	0	0	13	0	0	0	0	0	0	0	0	0	0	0	0	0
ASV15667	0	0	0	0	0	0	0	9	0	0	0	0	0	0	0	0	0	0	0	0	0
ASV16226	0	0	0	0	0	0	0	0	171	0	0	0	0	0	0	0	0	0	0	0	0
ASV16227	0	0	0	0	0	0	0	0	119	0	0	0	0	0	0	0	0	0	0	0	0
ASV16228	0	0	0	0	0	0	0	0	118	0	0	0	0	0	0	0	0	0	0	0	0
ASV16229	0	0	0	0	0	0	0	0	108	0	0	0	0	0	0	0	0	0	0	0	0
ASV16230	0	0	0	0	0	0	0	0	103	0	0	0	0	0	0	0	0	0	0	0	0
ASV16231	0	0	0	0	0	0	0	0	103	0	0	0	0	0	0	0	0	0	0	0	0
ASV16232	0	0	0	0	0	0	0	0	90	0	0	0	0	0	0	0	0	0	0	0	0
ASV16233	0	0	0	0	0	0	0	0	88	0	0	0	0	0	0	0	0	0	0	0	0
ASV16234	0	0	0	0	0	0	0	0	83	0	0	0	0	0	0	0	0	0	0	0	0
ASV16235	0	0	0	0	0	0	0	0	80	0	0	0	0	0	0	0	0	0	0	0	0
ASV16236	0	0	0	0	0	0	0	0	76	0	0	0	0	0	0	0	0	0	0	0	0
ASV16237	0	0	0	0	0	0	0	0	77	0	0	0	0	0	0	0	0	0	0	0	0
ASV16238	0	0	0	0	0	0	0	0	76	0	0	0	0	0	0	0	0	0	0	0	0
ASV16239	0	0	0	0	0	0	0	0	73	0	0	0	0	0	0	0	0	0	0	0	0
ASV16240	0	0	0	0	0	0	0	0	70	0	0	0	0	0	0	0	0	0	0	0	0
ASV16241	0	0	0	0	0	0	0	0	66	0	0	0	0	0	0	0	0	0	0	0	0
ASV16242	0	0	0	0	0	0	0	0	68	0	0	0	0	0	0	0	0	0	0	0	0
ASV16243	0	0	0	0	0	0	0	0	64	0	0	0	0	0	0	0	0	0	0	0	0
ASV16244	0	0	0	0	0	0	0	0	65	0	0	0	0	0	0	0	0	0	0	0	0
ASV16245	0	0	0	0	0	0	0	0	63	0	0	0	0	0	0	0	0	0	0	0	0
ASV16246	0	0	0	0	0	0	0	0	63	0	0	0	0	0	0	0	0	0	0	0	0
ASV16247	0	0	0	0	0	0	0	0	59	0	0	0	0	0	0	0	0	0	0	0	0
ASV16248	0	0	0	0	0	0	0	0	58	0	0	0	0	0	0	0	0	0	0	0	0
ASV16249	0	0	0	0	0	0	0	0	55	0	0	0	0	0	0	0	0	0	0	0	0
ASV16250	0	0	0	0	0	0	0	0	55	0	0	0	0	0	0	0	0	0	0	0	0
ASV16251	0	0	0	0	0	0	0	0	53	0	0	0	0	0	0	0	0	0	0	0	0
ASV16252	0	0	0	0	0	0	0	0	52	0	0	0	0	0	0	0	0	0	0	0	0
ASV16253	0	0	0	0	0	0	0	0	54	0	0	0	0	0	0	0	0	0	0	0	0
ASV16254	0	0	0	0	0	0	0	0	51	0	0	0	0	0	0	0	0	0	0	0	0
ASV16255	0	0	0	0	0	0	0	0	48	0	0	0	0	0	0	0	0	0	0	0	0
ASV16256	0	0	0	0	0	0	0	0	48	0	0	0	0	0	0	0	0	0	0	0	0
ASV16257	0	0	0	0	0	0	0	0	48	0	0	0	0	0	0	0	0	0	0	0	0
ASV16258	0	0	0	0	0	0	0	0	44	0	0	0	0	0	0	0	0	0	0	0	0
ASV16259	0	0	0	0	0	0	0	0	44	0	0	0	0	0	0	0	0	0	0	0	0
ASV16260	0	0	0	0	0	0	0	0	45	0	0	0	0	0	0	0	0	0	0	0	0
ASV16261	0	0	0	0	0	0	0	0	42	0	0	0	0	0	0	0	0	0	0	0	0
ASV16262	0	0	0	0	0	0	0	0	40	0	0	0	0	0	0	0	0	0	0	0	0
ASV16263	0	0	0	0	0	0	0	0	40	0	0	0	0	0	0	0	0	0	0	0	0
ASV16264	0	0	0	0	0	0	0	0	37	0	0	0	0	0	0	0	0	0	0	0	0
ASV16265	0	0	0	0	0	0	0	0	39	0	0	0	0	0	0	0	0	0	0	0	0
ASV16266	0	0	0	0	0	0	0	0	37	0	0	0	0	0	0	0	0	0	0	0	0
ASV16267	0	0	0	0	0	0	0	0	38	0	0	0	0	0	0	0	0	0	0	0	0
ASV16268	0	0	0	0	0	0	0	0	37	0	0	0	0	0	0	0	0	0	0	0	0
ASV16270	0	0	0	0	0	0	0	0	35	0	0	0	0	0	0	0	0	0	0	0	0
ASV16271	0	0	0	0	0	0	0	0	33	0	0	0	0	0	0	0	0	0	0	0	0
ASV16272	0	0	0	0	0	0	0	0	32	0	0	0	0	0	0	0	0	0	0	0	0
ASV16273	0	0	0	0	0	0	0	0	30	0	0	0	0	0	0	0	0	0	0	0	0
ASV16274	0	0	0	0	0	0	0	0	30	0	0	0	0	0	0	0	0	0	0	0	0
ASV16275	0	0	0	0	0	0	0	0	28	0	0	0	0	0	0	0	0	0	0	0	0
ASV16276	0	0	0	0	0	0	0	0	27	0	0	0	0	0	0	0	0	0	0	0	0
ASV16277	0	0	0	0	0	0	0	0	26	0	0	0	0	0	0	0	0	0	0	0	0
ASV16278	0	0	0	0	0	0	0	0	26	0	0	0	0	0	0	0	0	0	0	0	0
ASV16279	0	0	0	0	0	0	0	0	25	0	0	0	0	0	0	0	0	0	0	0	0
ASV16280	0	0	0	0	0	0	0	0	22	0	0	0	0	0	0	0	0	0	0	0	0
ASV16281	0	0	0	0	0	0	0	0	25	0	0	0	0	0	0	0	0	0	0	0	0
ASV16282	0	0	0	0	0	0	0	0	25	0	0	0	0	0	0	0	0	0	0	0	0
ASV16283	0	0	0	0	0	0	0	0	23	0	0	0	0	0	0	0	0	0	0	0	0
ASV16284	0	0	0	0	0	0	0	0	21	0	0	0	0	0	0	0	0	0	0	0	0
ASV16285	0	0	0	0	0	0	0	0	22	0	0	0	0	0	0	0	0	0	0	0	0
ASV16286	0	0	0	0	0	0	0	0	21	0	0	0	0	0	0	0	0	0	0	0	0
ASV16287	0	0	0	0	0	0	0	0	20	0	0	0	0	0	0	0	0	0	0	0	0
ASV16288	0	0	0	0	0	0	0	0	19	0	0	0	0	0	0	0	0	0	0	0	0
ASV16289	0	0	0	0	0	0	0	0	20	0	0	0	0	0	0	0	0	0	0	0	0
ASV16290	0	0	0	0	0	0	0	0	20	0	0	0	0	0	0	0	0	0	0	0	0
ASV16292	0	0	0	0	0	0	0	0	20	0	0	0	0	0	0	0	0	0	0	0	0
ASV16293	0	0	0	0	0	0	0	0	19	0	0	0	0	0	0	0	0	0	0	0	0
